sensor_id;sensor_type;location;lat;lon;timestamp;pressure;altitude;pressure_sealevel;temperature;humidity
24023;BME280;12226;55.68345798;37.59173334;2019-12-07T08:28:31;98696.94;;;4.01;70.26
24023;BME280;12226;55.68345798;37.59173334;2019-12-07T08:31:02;98705.95;;;3.36;72.03
24023;BME280;12226;55.68345798;37.59173334;2019-12-07T08:33:33;98704.33;;;3.19;72.98
24023;BME280;12226;55.68345798;37.59173334;2019-12-07T08:36:04;98709.36;;;3.33;72.58
24023;BME280;12226;55.68345798;37.59173334;2019-12-07T08:38:35;98704.05;;;3.18;73.37
24023;BME280;12226;55.68345798;37.59173334;2019-12-07T08:41:05;98707.09;;;3.03;73.86
24023;BME280;12226;55.68345798;37.59173334;2019-12-07T08:43:55;98699.28;;;3.05;74.13
24023;BME280;12226;55.68345798;37.59173334;2019-12-07T08:46:45;98701.52;;;3.21;73.43
24023;BME280;12226;55.68345798;37.59173334;2019-12-07T08:49:18;98700.05;;;3.08;73.97
24023;BME280;12226;55.68345798;37.59173334;2019-12-07T08:51:49;98701.31;;;2.99;74.51
24023;BME280;12226;55.68345798;37.59173334;2019-12-07T08:54:19;98704.61;;;3.17;74.10
24023;BME280;12226;55.68345798;37.59173334;2019-12-07T08:56:50;98707.70;;;3.16;74.13
24023;BME280;12226;55.68345798;37.59173334;2019-12-07T08:59:21;98701.40;;;3.26;74.11
24023;BME280;12226;55.68345798;37.59173334;2019-12-07T09:01:52;98697.66;;;3.33;74.10
24023;BME280;12226;55.68345798;37.59173334;2019-12-07T09:04:23;98696.24;;;3.20;74.42
24023;BME280;12226;55.68345798;37.59173334;2019-12-07T09:06:54;98692.78;;;3.12;74.82
24023;BME280;12226;55.68345798;37.59173334;2019-12-07T09:09:24;98696.80;;;3.19;74.99
24023;BME280;12226;55.68345798;37.59173334;2019-12-07T09:11:55;98691.69;;;3.10;75.05
24023;BME280;12226;55.68345798;37.59173334;2019-12-07T09:14:26;98685.14;;;3.20;74.86
24023;BME280;12226;55.68345798;37.59173334;2019-12-07T09:16:57;98677.64;;;3.20;74.88
24023;BME280;12226;55.68345798;37.59173334;2019-12-07T09:19:28;98672.99;;;3.32;74.75
24023;BME280;12226;55.68345798;37.59173334;2019-12-07T09:21:59;98680.14;;;3.19;74.96
24023;BME280;12226;55.68345798;37.59173334;2019-12-07T09:24:30;98674.23;;;3.10;75.51
24023;BME280;12226;55.68345798;37.59173334;2019-12-07T09:27:01;98670.14;;;3.05;75.80
24023;BME280;12226;55.68345798;37.59173334;2019-12-07T09:29:32;98667.48;;;2.97;75.89
24023;BME280;12226;55.68345798;37.59173334;2019-12-07T09:32:03;98669.44;;;3.13;75.76
24023;BME280;12226;55.68345798;37.59173334;2019-12-07T09:34:33;98659.22;;;3.40;74.89
24023;BME280;12226;55.68345798;37.59173334;2019-12-07T09:37:04;98669.42;;;3.59;74.21
24023;BME280;12226;55.68345798;37.59173334;2019-12-07T09:39:35;98671.78;;;3.51;74.07
24023;BME280;12226;55.68345798;37.59173334;2019-12-07T09:42:06;98661.13;;;3.42;74.28
24023;BME280;12226;55.68345798;37.59173334;2019-12-07T09:44:37;98659.92;;;3.48;74.01
24023;BME280;12226;55.68345798;37.59173334;2019-12-07T09:47:08;98663.87;;;3.59;74.07
24023;BME280;12226;55.68345798;37.59173334;2019-12-07T09:49:38;98661.28;;;3.78;73.51
24023;BME280;12226;55.68345798;37.59173334;2019-12-07T09:52:09;98660.63;;;3.84;73.18
24023;BME280;12226;55.68345798;37.59173334;2019-12-07T09:54:40;98644.00;;;3.81;72.91
24023;BME280;12226;55.68345798;37.59173334;2019-12-07T09:57:11;98655.91;;;3.54;73.62
24023;BME280;12226;55.68345798;37.59173334;2019-12-07T09:59:42;98649.00;;;3.52;73.96
24023;BME280;12226;55.68345798;37.59173334;2019-12-07T10:02:13;98642.70;;;3.63;74.09
24023;BME280;12226;55.68345798;37.59173334;2019-12-07T10:04:43;98650.67;;;3.23;77.40
24023;BME280;12226;55.68345798;37.59173334;2019-12-07T10:07:14;98643.82;;;2.86;78.97
24023;BME280;12226;55.68345798;37.59173334;2019-12-07T10:09:45;98649.77;;;2.79;80.00
24023;BME280;12226;55.68345798;37.59173334;2019-12-07T10:12:16;98642.86;;;2.77;79.52
24023;BME280;12226;55.68345798;37.59173334;2019-12-07T10:14:47;98647.79;;;3.12;78.49
24023;BME280;12226;55.68345798;37.59173334;2019-12-07T10:17:18;98642.20;;;3.15;77.65
24023;BME280;12226;55.68345798;37.59173334;2019-12-07T10:19:48;98647.59;;;3.38;76.72
24023;BME280;12226;55.68345798;37.59173334;2019-12-07T10:22:19;98645.61;;;3.41;76.70
24023;BME280;12226;55.68345798;37.59173334;2019-12-07T10:24:50;98640.59;;;3.27;76.58
24023;BME280;12226;55.68345798;37.59173334;2019-12-07T10:27:21;98635.23;;;3.31;76.59
24023;BME280;12226;55.68345798;37.59173334;2019-12-07T10:29:52;98632.64;;;3.37;76.67
24023;BME280;12226;55.68345798;37.59173334;2019-12-07T10:32:23;98632.84;;;3.40;76.50
24023;BME280;12226;55.68345798;37.59173334;2019-12-07T10:34:54;98641.69;;;3.42;76.93
24023;BME280;12226;55.68345798;37.59173334;2019-12-07T10:37:24;98632.51;;;3.44;76.93
24023;BME280;12226;55.68345798;37.59173334;2019-12-07T10:39:55;98632.89;;;3.51;76.65
24023;BME280;12226;55.68345798;37.59173334;2019-12-07T10:42:26;98625.06;;;3.70;76.11
24023;BME280;12226;55.68345798;37.59173334;2019-12-07T10:44:57;98632.00;;;3.56;75.86
24023;BME280;12226;55.68345798;37.59173334;2019-12-07T10:47:29;98631.00;;;3.63;75.74
24023;BME280;12226;55.68345798;37.59173334;2019-12-07T10:50:01;98626.69;;;3.71;75.70
24023;BME280;12226;55.68345798;37.59173334;2019-12-07T10:52:32;98630.62;;;3.56;75.77
24023;BME280;12226;55.68345798;37.59173334;2019-12-07T10:55:03;98629.41;;;3.46;76.42
24023;BME280;12226;55.68345798;37.59173334;2019-12-07T10:57:34;98626.17;;;3.41;77.03
24023;BME280;12226;55.68345798;37.59173334;2019-12-07T11:00:05;98629.22;;;3.26;77.26
24023;BME280;12226;55.68345798;37.59173334;2019-12-07T11:02:36;98631.86;;;3.34;77.22
24023;BME280;12226;55.68345798;37.59173334;2019-12-07T11:05:06;98628.74;;;3.22;76.37
24023;BME280;12226;55.68345798;37.59173334;2019-12-07T11:10:10;98622.48;;;3.60;75.61
24023;BME280;12226;55.68345798;37.59173334;2019-12-07T11:12:41;98621.09;;;3.60;75.25
24023;BME280;12226;55.68345798;37.59173334;2019-12-07T11:15:11;98625.25;;;3.60;74.61
24023;BME280;12226;55.68345798;37.59173334;2019-12-07T11:17:42;98626.08;;;3.46;74.52
24023;BME280;12226;55.68345798;37.59173334;2019-12-07T11:20:13;98612.42;;;3.34;75.21
24023;BME280;12226;55.68345798;37.59173334;2019-12-07T11:22:44;98612.65;;;3.37;75.47
24023;BME280;12226;55.68345798;37.59173334;2019-12-07T11:25:15;98601.59;;;3.35;75.78
24023;BME280;12226;55.68345798;37.59173334;2019-12-07T11:27:46;98603.12;;;3.41;75.21
24023;BME280;12226;55.68345798;37.59173334;2019-12-07T11:30:17;98607.70;;;3.48;74.73
24023;BME280;12226;55.68345798;37.59173334;2019-12-07T11:32:48;98601.18;;;3.55;74.17
24023;BME280;12226;55.68345798;37.59173334;2019-12-07T11:35:19;98604.83;;;3.67;74.07
24023;BME280;12226;55.68345798;37.59173334;2019-12-07T11:37:50;98601.96;;;3.58;73.43
24023;BME280;12226;55.68345798;37.59173334;2019-12-07T11:40:21;98596.77;;;3.68;73.62
24023;BME280;12226;55.68345798;37.59173334;2019-12-07T11:42:52;98603.91;;;3.71;73.37
24023;BME280;12226;55.68345798;37.59173334;2019-12-07T11:45:23;98589.44;;;3.85;73.04
24023;BME280;12226;55.68345798;37.59173334;2019-12-07T11:50:22;98588.00;;;3.88;72.42
24023;BME280;12226;55.68345798;37.59173334;2019-12-07T11:52:53;98585.84;;;3.71;72.54
24023;BME280;12226;55.68345798;37.59173334;2019-12-07T11:55:24;98575.45;;;3.49;73.07
24023;BME280;12226;55.68345798;37.59173334;2019-12-07T12:00:24;98581.37;;;3.59;72.84
24023;BME280;12226;55.68345798;37.59173334;2019-12-07T12:05:25;98580.30;;;3.44;72.53
24023;BME280;12226;55.68345798;37.59173334;2019-12-07T12:07:56;98568.87;;;3.59;72.39
24023;BME280;12226;55.68345798;37.59173334;2019-12-07T12:10:28;98570.98;;;3.65;71.60
24023;BME280;12226;55.68345798;37.59173334;2019-12-07T12:12:58;98569.94;;;3.47;71.73
24023;BME280;12226;55.68345798;37.59173334;2019-12-07T12:15:29;98576.73;;;3.54;71.82
24023;BME280;12226;55.68345798;37.59173334;2019-12-07T12:18:00;98573.96;;;3.54;71.95
24023;BME280;12226;55.68345798;37.59173334;2019-12-07T12:20:31;98575.09;;;3.81;71.31
24023;BME280;12226;55.68345798;37.59173334;2019-12-07T12:23:02;98573.38;;;3.82;70.63
24023;BME280;12226;55.68345798;37.59173334;2019-12-07T12:25:33;98573.22;;;3.90;70.70
24023;BME280;12226;55.68345798;37.59173334;2019-12-07T12:28:04;98567.80;;;3.96;70.16
24023;BME280;12226;55.68345798;37.59173334;2019-12-07T12:30:35;98567.45;;;4.00;69.75
24023;BME280;12226;55.68345798;37.59173334;2019-12-07T12:33:05;98562.91;;;4.04;69.95
24023;BME280;12226;55.68345798;37.59173334;2019-12-07T12:35:36;98554.94;;;4.00;69.64
24023;BME280;12226;55.68345798;37.59173334;2019-12-07T12:38:07;98574.05;;;3.90;69.10
24023;BME280;12226;55.68345798;37.59173334;2019-12-07T12:40:39;98572.55;;;3.82;68.58
24023;BME280;12226;55.68345798;37.59173334;2019-12-07T12:43:10;98568.03;;;3.86;67.32
24023;BME280;12226;55.68345798;37.59173334;2019-12-07T12:45:43;98573.86;;;3.98;68.19
24023;BME280;12226;55.68345798;37.59173334;2019-12-07T12:48:15;98571.35;;;3.99;67.98
24023;BME280;12226;55.68345798;37.59173334;2019-12-07T12:51:05;98573.27;;;4.12;68.14
24023;BME280;12226;55.68345798;37.59173334;2019-12-07T12:53:55;98573.19;;;4.03;67.15
24023;BME280;12226;55.68345798;37.59173334;2019-12-07T12:56:26;98573.36;;;3.96;66.40
24023;BME280;12226;55.68345798;37.59173334;2019-12-07T12:58:57;98572.34;;;3.92;67.23
24023;BME280;12226;55.68345798;37.59173334;2019-12-07T13:01:28;98571.02;;;3.76;65.93
24023;BME280;12226;55.68345798;37.59173334;2019-12-07T13:03:59;98569.53;;;3.81;67.12
24023;BME280;12226;55.68345798;37.59173334;2019-12-07T13:06:31;98567.55;;;3.95;67.34
24023;BME280;12226;55.68345798;37.59173334;2019-12-07T13:09:04;98569.00;;;3.92;67.51
24023;BME280;12226;55.68345798;37.59173334;2019-12-07T13:11:36;98569.96;;;3.99;67.39
24023;BME280;12226;55.68345798;37.59173334;2019-12-07T13:14:07;98570.77;;;3.88;67.74
24023;BME280;12226;55.68345798;37.59173334;2019-12-07T13:16:41;98575.73;;;3.89;67.35
24023;BME280;12226;55.68345798;37.59173334;2019-12-07T13:19:15;98575.55;;;3.85;67.68
24023;BME280;12226;55.68345798;37.59173334;2019-12-07T13:21:46;98568.37;;;3.82;67.77
24023;BME280;12226;55.68345798;37.59173334;2019-12-07T13:24:18;98570.09;;;3.80;67.67
24023;BME280;12226;55.68345798;37.59173334;2019-12-07T13:26:51;98567.63;;;3.79;67.60
24023;BME280;12226;55.68345798;37.59173334;2019-12-07T13:29:21;98569.21;;;3.82;67.77
24023;BME280;12226;55.68345798;37.59173334;2019-12-07T13:31:53;98574.22;;;3.69;66.69
24023;BME280;12226;55.68345798;37.59173334;2019-12-07T13:34:24;98569.13;;;3.74;67.48
24023;BME280;12226;55.68345798;37.59173334;2019-12-07T13:36:58;98560.86;;;3.58;66.05
24023;BME280;12226;55.68345798;37.59173334;2019-12-07T13:39:28;98568.69;;;3.42;66.65
24023;BME280;12226;55.68345798;37.59173334;2019-12-07T13:42:01;98564.24;;;3.54;67.09
24023;BME280;12226;55.68345798;37.59173334;2019-12-07T13:44:31;98566.05;;;3.34;67.65
24023;BME280;12226;55.68345798;37.59173334;2019-12-07T13:47:02;98570.34;;;3.13;67.23
24023;BME280;12226;55.68345798;37.59173334;2019-12-07T13:49:35;98574.00;;;3.11;67.95
24023;BME280;12226;55.68345798;37.59173334;2019-12-07T13:52:09;98568.48;;;3.09;67.59
24023;BME280;12226;55.68345798;37.59173334;2019-12-07T13:54:39;98563.56;;;2.90;67.22
24023;BME280;12226;55.68345798;37.59173334;2019-12-07T13:57:10;98561.14;;;2.86;67.48
24023;BME280;12226;55.68345798;37.59173334;2019-12-07T13:59:41;98563.84;;;2.91;67.96
24023;BME280;12226;55.68345798;37.59173334;2019-12-07T14:02:12;98573.31;;;2.87;67.89
24023;BME280;12226;55.68345798;37.59173334;2019-12-07T14:07:17;98572.95;;;2.94;67.81
24023;BME280;12226;55.68345798;37.59173334;2019-12-07T14:09:48;98569.86;;;2.95;67.99
24023;BME280;12226;55.68345798;37.59173334;2019-12-07T14:12:19;98575.37;;;2.81;67.92
24023;BME280;12226;55.68345798;37.59173334;2019-12-07T14:14:52;98568.95;;;2.83;67.96
24023;BME280;12226;55.68345798;37.59173334;2019-12-07T14:19:56;98567.77;;;2.87;67.60
24023;BME280;12226;55.68345798;37.59173334;2019-12-07T14:22:29;98569.81;;;2.98;67.69
24023;BME280;12226;55.68345798;37.59173334;2019-12-07T14:25:03;98561.62;;;2.90;67.56
24023;BME280;12226;55.68345798;37.59173334;2019-12-07T14:27:34;98559.20;;;2.86;67.76
24023;BME280;12226;55.68345798;37.59173334;2019-12-07T14:30:05;98557.45;;;2.90;68.11
24023;BME280;12226;55.68345798;37.59173334;2019-12-07T14:32:36;98561.02;;;2.93;67.61
24023;BME280;12226;55.68345798;37.59173334;2019-12-07T14:35:07;98554.68;;;2.90;67.17
24023;BME280;12226;55.68345798;37.59173334;2019-12-07T14:37:38;98555.52;;;2.91;67.64
24023;BME280;12226;55.68345798;37.59173334;2019-12-07T14:40:10;98551.39;;;2.88;67.91
24023;BME280;12226;55.68345798;37.59173334;2019-12-07T14:42:45;98557.98;;;2.76;68.42
24023;BME280;12226;55.68345798;37.59173334;2019-12-07T14:45:16;98554.81;;;2.50;68.38
24023;BME280;12226;55.68345798;37.59173334;2019-12-07T14:47:48;98553.15;;;2.68;68.49
24023;BME280;12226;55.68345798;37.59173334;2019-12-07T14:50:19;98554.95;;;2.91;68.17
24023;BME280;12226;55.68345798;37.59173334;2019-12-07T14:52:50;98547.48;;;3.05;67.48
24023;BME280;12226;55.68345798;37.59173334;2019-12-07T14:55:21;98538.57;;;3.19;67.45
24023;BME280;12226;55.68345798;37.59173334;2019-12-07T14:57:51;98542.48;;;3.05;66.38
24023;BME280;12226;55.68345798;37.59173334;2019-12-07T15:00:22;98546.00;;;2.94;66.93
24023;BME280;12226;55.68345798;37.59173334;2019-12-07T15:03:12;98543.27;;;2.92;67.16
24023;BME280;12226;55.68345798;37.59173334;2019-12-07T15:05:47;98546.20;;;2.84;67.20
24023;BME280;12226;55.68345798;37.59173334;2019-12-07T15:08:37;98545.05;;;2.85;66.80
24023;BME280;12226;55.68345798;37.59173334;2019-12-07T15:11:08;98538.92;;;2.72;66.84
24023;BME280;12226;55.68345798;37.59173334;2019-12-07T15:13:39;98538.61;;;2.73;67.02
24023;BME280;12226;55.68345798;37.59173334;2019-12-07T15:16:12;98535.13;;;2.68;66.05
24023;BME280;12226;55.68345798;37.59173334;2019-12-07T15:18:43;98529.81;;;2.69;66.73
24023;BME280;12226;55.68345798;37.59173334;2019-12-07T15:21:14;98528.55;;;2.61;66.37
24023;BME280;12226;55.68345798;37.59173334;2019-12-07T15:26:25;98534.25;;;2.70;66.58
24023;BME280;12226;55.68345798;37.59173334;2019-12-07T15:28:57;98526.14;;;2.57;66.17
24023;BME280;12226;55.68345798;37.59173334;2019-12-07T15:31:27;98521.63;;;2.61;65.96
24023;BME280;12226;55.68345798;37.59173334;2019-12-07T15:33:59;98525.30;;;2.57;65.81
24023;BME280;12226;55.68345798;37.59173334;2019-12-07T15:36:30;98517.86;;;2.55;65.41
24023;BME280;12226;55.68345798;37.59173334;2019-12-07T15:39:03;98521.78;;;2.54;65.71
24023;BME280;12226;55.68345798;37.59173334;2019-12-07T15:41:39;98522.73;;;2.47;65.28
24023;BME280;12226;55.68345798;37.59173334;2019-12-07T15:46:44;98519.95;;;2.47;65.58
24023;BME280;12226;55.68345798;37.59173334;2019-12-07T15:49:15;98518.85;;;2.45;65.14
24023;BME280;12226;55.68345798;37.59173334;2019-12-07T15:51:48;98513.46;;;2.38;65.37
24023;BME280;12226;55.68345798;37.59173334;2019-12-07T15:54:18;98509.30;;;2.22;64.34
24023;BME280;12226;55.68345798;37.59173334;2019-12-07T15:56:49;98508.78;;;2.20;63.99
24023;BME280;12226;55.68345798;37.59173334;2019-12-07T15:59:19;98508.98;;;2.23;64.60
24023;BME280;12226;55.68345798;37.59173334;2019-12-07T16:01:50;98511.08;;;2.31;64.61
24023;BME280;12226;55.68345798;37.59173334;2019-12-07T16:04:21;98511.48;;;2.22;63.52
24023;BME280;12226;55.68345798;37.59173334;2019-12-07T16:09:40;98505.86;;;2.27;64.14
24023;BME280;12226;55.68345798;37.59173334;2019-12-07T16:12:11;98508.86;;;2.15;63.67
24023;BME280;12226;55.68345798;37.59173334;2019-12-07T16:14:42;98504.46;;;2.11;63.32
24023;BME280;12226;55.68345798;37.59173334;2019-12-07T16:17:15;98498.92;;;2.11;64.16
24023;BME280;12226;55.68345798;37.59173334;2019-12-07T16:19:45;98504.61;;;2.03;64.14
24023;BME280;12226;55.68345798;37.59173334;2019-12-07T16:22:16;98496.54;;;2.04;63.79
24023;BME280;12226;55.68345798;37.59173334;2019-12-07T16:24:47;98496.42;;;2.12;64.03
24023;BME280;12226;55.68345798;37.59173334;2019-12-07T16:27:18;98501.77;;;2.06;64.07
24023;BME280;12226;55.68345798;37.59173334;2019-12-07T16:29:49;98502.08;;;2.04;63.95
24023;BME280;12226;55.68345798;37.59173334;2019-12-07T16:32:21;98496.37;;;1.98;64.09
24023;BME280;12226;55.68345798;37.59173334;2019-12-07T16:34:52;98491.97;;;1.95;64.08
24023;BME280;12226;55.68345798;37.59173334;2019-12-07T16:37:24;98486.51;;;1.90;64.21
24023;BME280;12226;55.68345798;37.59173334;2019-12-07T16:39:55;98482.77;;;1.81;63.91
24023;BME280;12226;55.68345798;37.59173334;2019-12-07T16:42:26;98483.98;;;1.75;64.79
24023;BME280;12226;55.68345798;37.59173334;2019-12-07T16:44:57;98481.03;;;1.69;65.03
24023;BME280;12226;55.68345798;37.59173334;2019-12-07T16:47:27;98479.86;;;1.72;64.76
24023;BME280;12226;55.68345798;37.59173334;2019-12-07T16:50:00;98480.91;;;1.76;64.72
24023;BME280;12226;55.68345798;37.59173334;2019-12-07T16:52:30;98486.72;;;1.77;64.63
24023;BME280;12226;55.68345798;37.59173334;2019-12-07T16:55:02;98482.03;;;1.57;64.57
24023;BME280;12226;55.68345798;37.59173334;2019-12-07T16:57:33;98478.72;;;1.57;65.28
24023;BME280;12226;55.68345798;37.59173334;2019-12-07T17:00:04;98475.88;;;1.60;65.22
24023;BME280;12226;55.68345798;37.59173334;2019-12-07T17:02:34;98474.63;;;1.71;65.21
24023;BME280;12226;55.68345798;37.59173334;2019-12-07T17:05:19;98477.02;;;1.77;65.09
24023;BME280;12226;55.68345798;37.59173334;2019-12-07T17:08:09;98473.77;;;1.73;64.80
24023;BME280;12226;55.68345798;37.59173334;2019-12-07T17:10:42;98472.14;;;1.69;64.99
24023;BME280;12226;55.68345798;37.59173334;2019-12-07T17:13:13;98463.87;;;1.48;64.71
24023;BME280;12226;55.68345798;37.59173334;2019-12-07T17:15:43;98457.22;;;1.49;65.03
24023;BME280;12226;55.68345798;37.59173334;2019-12-07T17:18:14;98451.66;;;1.52;65.25
24023;BME280;12226;55.68345798;37.59173334;2019-12-07T17:20:45;98457.59;;;1.43;65.35
24023;BME280;12226;55.68345798;37.59173334;2019-12-07T17:23:16;98437.09;;;1.43;65.31
24023;BME280;12226;55.68345798;37.59173334;2019-12-07T17:25:47;98436.23;;;1.27;65.63
24023;BME280;12226;55.68345798;37.59173334;2019-12-07T17:28:18;98449.73;;;1.31;65.95
24023;BME280;12226;55.68345798;37.59173334;2019-12-07T17:30:49;98441.77;;;1.27;65.91
24023;BME280;12226;55.68345798;37.59173334;2019-12-07T17:33:20;98445.80;;;1.34;65.82
24023;BME280;12226;55.68345798;37.59173334;2019-12-07T17:35:52;98431.34;;;1.40;65.53
24023;BME280;12226;55.68345798;37.59173334;2019-12-07T17:38:24;98434.55;;;1.28;65.93
24023;BME280;12226;55.68345798;37.59173334;2019-12-07T17:40:55;98432.92;;;1.25;66.06
24023;BME280;12226;55.68345798;37.59173334;2019-12-07T17:43:26;98438.14;;;1.29;66.11
24023;BME280;12226;55.68345798;37.59173334;2019-12-07T17:45:57;98434.09;;;1.21;65.72
24023;BME280;12226;55.68345798;37.59173334;2019-12-07T17:48:28;98424.30;;;1.29;66.13
24023;BME280;12226;55.68345798;37.59173334;2019-12-07T17:51:02;98430.88;;;1.33;66.09
24023;BME280;12226;55.68345798;37.59173334;2019-12-07T17:56:05;98430.67;;;1.29;66.04
24023;BME280;12226;55.68345798;37.59173334;2019-12-07T18:01:05;98425.79;;;1.21;66.19
24023;BME280;12226;55.68345798;37.59173334;2019-12-07T18:06:25;98425.61;;;1.15;66.45
24023;BME280;12226;55.68345798;37.59173334;2019-12-07T18:11:29;98407.19;;;1.27;66.39
24023;BME280;12226;55.68345798;37.59173334;2019-12-07T18:14:23;98410.36;;;1.18;66.72
24023;BME280;12226;55.68345798;37.59173334;2019-12-07T18:19:23;98396.77;;;1.19;66.71
24023;BME280;12226;55.68345798;37.59173334;2019-12-07T18:22:13;98390.44;;;1.16;66.62
24023;BME280;12226;55.68345798;37.59173334;2019-12-07T18:27:13;98382.45;;;1.14;66.62
24023;BME280;12226;55.68345798;37.59173334;2019-12-07T18:29:45;98386.95;;;1.29;66.59
24023;BME280;12226;55.68345798;37.59173334;2019-12-07T18:32:37;98385.77;;;1.14;66.27
24023;BME280;12226;55.68345798;37.59173334;2019-12-07T18:37:43;98375.02;;;1.12;66.57
24023;BME280;12226;55.68345798;37.59173334;2019-12-07T18:40:17;98375.53;;;1.14;66.59
24023;BME280;12226;55.68345798;37.59173334;2019-12-07T18:45:23;98374.87;;;1.04;67.07
24023;BME280;12226;55.68345798;37.59173334;2019-12-07T18:47:54;98367.70;;;1.00;67.27
24023;BME280;12226;55.68345798;37.59173334;2019-12-07T18:50:44;98362.97;;;1.03;67.19
24023;BME280;12226;55.68345798;37.59173334;2019-12-07T18:55:56;98359.72;;;0.99;67.61
24023;BME280;12226;55.68345798;37.59173334;2019-12-07T19:01:03;98365.78;;;1.19;67.16
24023;BME280;12226;55.68345798;37.59173334;2019-12-07T19:03:36;98370.77;;;1.20;66.71
24023;BME280;12226;55.68345798;37.59173334;2019-12-07T19:06:11;98370.73;;;1.22;66.95
24023;BME280;12226;55.68345798;37.59173334;2019-12-07T19:11:15;98362.05;;;1.29;67.00
24023;BME280;12226;55.68345798;37.59173334;2019-12-07T19:13:46;98359.06;;;1.41;66.88
24023;BME280;12226;55.68345798;37.59173334;2019-12-07T19:18:48;98356.69;;;1.35;66.98
24023;BME280;12226;55.68345798;37.59173334;2019-12-07T19:23:53;98364.33;;;1.24;67.19
24023;BME280;12226;55.68345798;37.59173334;2019-12-07T19:28:56;98361.24;;;1.45;66.81
24023;BME280;12226;55.68345798;37.59173334;2019-12-07T19:31:27;98351.98;;;1.17;66.97
24023;BME280;12226;55.68345798;37.59173334;2019-12-07T19:34:05;98350.77;;;1.23;67.44
24023;BME280;12226;55.68345798;37.59173334;2019-12-07T19:36:41;98350.98;;;1.29;66.85
24023;BME280;12226;55.68345798;37.59173334;2019-12-07T19:39:12;98345.09;;;1.33;66.58
24023;BME280;12226;55.68345798;37.59173334;2019-12-07T19:41:44;98340.05;;;1.37;66.98
24023;BME280;12226;55.68345798;37.59173334;2019-12-07T19:44:17;98338.53;;;1.29;67.16
24023;BME280;12226;55.68345798;37.59173334;2019-12-07T19:46:49;98331.72;;;1.21;67.55
24023;BME280;12226;55.68345798;37.59173334;2019-12-07T19:49:23;98328.09;;;1.23;67.36
24023;BME280;12226;55.68345798;37.59173334;2019-12-07T19:51:56;98321.30;;;1.32;67.25
24023;BME280;12226;55.68345798;37.59173334;2019-12-07T19:54:29;98323.83;;;1.31;67.34
24023;BME280;12226;55.68345798;37.59173334;2019-12-07T19:57:02;98318.60;;;1.29;67.12
24023;BME280;12226;55.68345798;37.59173334;2019-12-07T19:59:37;98323.71;;;1.38;67.03
24023;BME280;12226;55.68345798;37.59173334;2019-12-07T20:07:30;98307.22;;;1.31;66.76
24023;BME280;12226;55.68345798;37.59173334;2019-12-07T20:10:23;98310.50;;;1.33;66.67
24023;BME280;12226;55.68345798;37.59173334;2019-12-07T20:15:42;98301.48;;;1.25;66.64
24023;BME280;12226;55.68345798;37.59173334;2019-12-07T20:20:53;98302.76;;;1.32;67.35
24023;BME280;12226;55.68345798;37.59173334;2019-12-07T20:23:26;98291.17;;;1.30;67.00
24023;BME280;12226;55.68345798;37.59173334;2019-12-07T20:28:37;98302.46;;;1.18;66.85
24023;BME280;12226;55.68345798;37.59173334;2019-12-07T20:31:10;98304.95;;;1.17;67.23
24023;BME280;12226;55.68345798;37.59173334;2019-12-07T20:36:16;98298.94;;;1.12;67.37
24023;BME280;12226;55.68345798;37.59173334;2019-12-07T20:38:50;98306.12;;;1.13;67.57
24023;BME280;12226;55.68345798;37.59173334;2019-12-07T20:41:24;98301.63;;;1.17;67.30
24023;BME280;12226;55.68345798;37.59173334;2019-12-07T20:43:54;98300.11;;;1.25;67.27
24023;BME280;12226;55.68345798;37.59173334;2019-12-07T20:46:25;98302.59;;;1.26;67.02
24023;BME280;12226;55.68345798;37.59173334;2019-12-07T20:49:16;98293.98;;;1.28;66.96
24023;BME280;12226;55.68345798;37.59173334;2019-12-07T20:54:15;98299.63;;;1.20;67.24
24023;BME280;12226;55.68345798;37.59173334;2019-12-07T20:56:46;98301.69;;;1.31;67.07
24023;BME280;12226;55.68345798;37.59173334;2019-12-07T21:01:50;98296.92;;;1.18;66.94
24023;BME280;12226;55.68345798;37.59173334;2019-12-07T21:04:23;98293.44;;;1.10;67.52
24023;BME280;12226;55.68345798;37.59173334;2019-12-07T21:06:53;98301.64;;;0.99;67.81
24023;BME280;12226;55.68345798;37.59173334;2019-12-07T21:11:57;98297.91;;;0.90;68.29
24023;BME280;12226;55.68345798;37.59173334;2019-12-07T21:14:29;98291.52;;;0.92;68.26
24023;BME280;12226;55.68345798;37.59173334;2019-12-07T21:19:32;98288.75;;;0.92;68.10
24023;BME280;12226;55.68345798;37.59173334;2019-12-07T21:22:08;98299.05;;;0.86;68.37
24023;BME280;12226;55.68345798;37.59173334;2019-12-07T21:24:38;98298.56;;;0.82;68.70
24023;BME280;12226;55.68345798;37.59173334;2019-12-07T21:27:11;98292.38;;;0.90;68.40
24023;BME280;12226;55.68345798;37.59173334;2019-12-07T21:29:44;98288.36;;;0.98;68.07
24023;BME280;12226;55.68345798;37.59173334;2019-12-07T21:34:52;98289.98;;;1.02;67.78
24023;BME280;12226;55.68345798;37.59173334;2019-12-07T21:37:23;98290.54;;;1.01;67.86
24023;BME280;12226;55.68345798;37.59173334;2019-12-07T21:39:55;98278.80;;;0.91;68.33
24023;BME280;12226;55.68345798;37.59173334;2019-12-07T21:44:56;98265.69;;;0.99;68.39
24023;BME280;12226;55.68345798;37.59173334;2019-12-07T21:49:59;98270.42;;;0.96;68.32
24023;BME280;12226;55.68345798;37.59173334;2019-12-07T21:52:49;98265.16;;;0.97;68.40
24023;BME280;12226;55.68345798;37.59173334;2019-12-07T21:57:55;98250.95;;;1.03;68.18
24023;BME280;12226;55.68345798;37.59173334;2019-12-07T22:00:30;98248.43;;;1.04;68.20
24023;BME280;12226;55.68345798;37.59173334;2019-12-07T22:03:02;98245.66;;;1.04;68.31
24023;BME280;12226;55.68345798;37.59173334;2019-12-07T22:05:33;98225.75;;;1.05;68.35
24023;BME280;12226;55.68345798;37.59173334;2019-12-07T22:08:05;98224.75;;;0.98;68.53
24023;BME280;12226;55.68345798;37.59173334;2019-12-07T22:13:08;98228.67;;;0.79;69.18
24023;BME280;12226;55.68345798;37.59173334;2019-12-07T22:18:14;98218.09;;;0.83;69.18
24023;BME280;12226;55.68345798;37.59173334;2019-12-07T22:21:04;98219.96;;;0.88;69.11
24023;BME280;12226;55.68345798;37.59173334;2019-12-07T22:23:41;98221.62;;;0.86;69.10
24023;BME280;12226;55.68345798;37.59173334;2019-12-07T22:26:17;98231.16;;;0.78;69.25
24023;BME280;12226;55.68345798;37.59173334;2019-12-07T22:31:21;98207.08;;;0.62;69.77
24023;BME280;12226;55.68345798;37.59173334;2019-12-07T22:40:25;98211.47;;;0.82;69.60
24023;BME280;12226;55.68345798;37.59173334;2019-12-07T22:43:02;98212.86;;;0.63;70.01
24023;BME280;12226;55.68345798;37.59173334;2019-12-07T22:55:39;98200.34;;;0.68;70.08
24023;BME280;12226;55.68345798;37.59173334;2019-12-07T23:01:04;98207.70;;;0.38;70.82
24023;BME280;12226;55.68345798;37.59173334;2019-12-07T23:03:36;98216.81;;;0.38;71.12
24023;BME280;12226;55.68345798;37.59173334;2019-12-07T23:11:15;98181.69;;;0.41;71.31
24023;BME280;12226;55.68345798;37.59173334;2019-12-07T23:13:48;98172.64;;;0.36;71.43
24023;BME280;12226;55.68345798;37.59173334;2019-12-07T23:19:07;98180.79;;;0.64;70.82
24023;BME280;12226;55.68345798;37.59173334;2019-12-07T23:21:38;98186.19;;;0.53;70.76
24023;BME280;12226;55.68345798;37.59173334;2019-12-07T23:29:14;98186.73;;;0.55;70.99
24023;BME280;12226;55.68345798;37.59173334;2019-12-07T23:34:15;98197.41;;;0.43;71.44
24023;BME280;12226;55.68345798;37.59173334;2019-12-07T23:39:56;98191.09;;;0.40;71.52
24023;BME280;12226;55.68345798;37.59173334;2019-12-07T23:42:48;98178.48;;;0.34;71.89
24023;BME280;12226;55.68345798;37.59173334;2019-12-07T23:48:07;98183.08;;;0.41;71.46
24023;BME280;12226;55.68345798;37.59173334;2019-12-07T23:50:38;98179.17;;;0.42;71.69
24023;BME280;12226;55.68345798;37.59173334;2019-12-07T23:53:22;98184.05;;;0.50;71.47
24023;BME280;12226;55.68345798;37.59173334;2019-12-07T23:55:56;98171.20;;;0.41;71.54
24023;BME280;12226;55.68345798;37.59173334;2019-12-08T00:06:44;98180.83;;;0.43;71.92
24023;BME280;12226;55.68345798;37.59173334;2019-12-08T00:15:13;98174.95;;;0.66;71.05
24023;BME280;12226;55.68345798;37.59173334;2019-12-08T00:21:22;98161.94;;;1.01;70.28
24023;BME280;12226;55.68345798;37.59173334;2019-12-08T00:27:18;98144.03;;;1.12;70.20
24023;BME280;12226;55.68345798;37.59173334;2019-12-08T00:32:21;98142.98;;;1.24;69.73
24023;BME280;12226;55.68345798;37.59173334;2019-12-08T00:40:02;98127.25;;;1.22;69.70
24023;BME280;12226;55.68345798;37.59173334;2019-12-08T00:42:38;98125.13;;;1.17;69.99
24023;BME280;12226;55.68345798;37.59173334;2019-12-08T00:45:14;98125.51;;;0.97;70.54
24023;BME280;12226;55.68345798;37.59173334;2019-12-08T00:50:17;98115.40;;;0.57;72.24
24023;BME280;12226;55.68345798;37.59173334;2019-12-08T00:52:48;98121.84;;;0.69;72.08
24023;BME280;12226;55.68345798;37.59173334;2019-12-08T00:57:50;98136.26;;;0.82;71.66
24023;BME280;12226;55.68345798;37.59173334;2019-12-08T01:00:40;98137.59;;;1.01;71.41
24023;BME280;12226;55.68345798;37.59173334;2019-12-08T01:05:44;98116.28;;;1.17;70.56
24023;BME280;12226;55.68345798;37.59173334;2019-12-08T01:10:45;98113.11;;;1.24;70.73
24023;BME280;12226;55.68345798;37.59173334;2019-12-08T01:13:21;98130.66;;;1.17;71.07
24023;BME280;12226;55.68345798;37.59173334;2019-12-08T01:18:46;98130.28;;;1.51;70.45
24023;BME280;12226;55.68345798;37.59173334;2019-12-08T01:21:45;98126.35;;;1.40;70.44
24023;BME280;12226;55.68345798;37.59173334;2019-12-08T01:24:52;98139.46;;;1.49;70.26
24023;BME280;12226;55.68345798;37.59173334;2019-12-08T01:27:29;98126.63;;;1.69;70.03
24023;BME280;12226;55.68345798;37.59173334;2019-12-08T01:32:30;98129.12;;;1.40;70.76
24023;BME280;12226;55.68345798;37.59173334;2019-12-08T01:35:19;98131.20;;;1.46;70.74
24023;BME280;12226;55.68345798;37.59173334;2019-12-08T01:37:50;98113.73;;;1.48;70.92
24023;BME280;12226;55.68345798;37.59173334;2019-12-08T01:40:29;98108.19;;;1.34;71.21
24023;BME280;12226;55.68345798;37.59173334;2019-12-08T01:45:32;98110.72;;;1.33;71.79
24023;BME280;12226;55.68345798;37.59173334;2019-12-08T01:48:14;98109.33;;;1.33;72.04
24023;BME280;12226;55.68345798;37.59173334;2019-12-08T01:50:45;98109.75;;;1.54;71.68
24023;BME280;12226;55.68345798;37.59173334;2019-12-08T01:55:47;98116.30;;;1.45;71.79
24023;BME280;12226;55.68345798;37.59173334;2019-12-08T01:58:20;98118.45;;;1.34;72.32
24023;BME280;12226;55.68345798;37.59173334;2019-12-08T02:00:53;98121.23;;;1.61;71.72
24023;BME280;12226;55.68345798;37.59173334;2019-12-08T02:03:45;98127.01;;;1.62;71.61
24023;BME280;12226;55.68345798;37.59173334;2019-12-08T02:08:50;98122.25;;;1.65;71.72
24023;BME280;12226;55.68345798;37.59173334;2019-12-08T02:11:26;98125.56;;;1.78;71.63
24023;BME280;12226;55.68345798;37.59173334;2019-12-08T02:14:00;98111.64;;;1.56;71.96
24023;BME280;12226;55.68345798;37.59173334;2019-12-08T02:16:35;98110.57;;;1.55;72.25
24023;BME280;12226;55.68345798;37.59173334;2019-12-08T02:19:17;98117.13;;;1.45;72.83
24023;BME280;12226;55.68345798;37.59173334;2019-12-08T02:21:55;98103.89;;;1.42;73.09
24023;BME280;12226;55.68345798;37.59173334;2019-12-08T02:24:26;98112.20;;;1.42;73.27
24023;BME280;12226;55.68345798;37.59173334;2019-12-08T02:26:57;98131.67;;;1.51;73.02
24023;BME280;12226;55.68345798;37.59173334;2019-12-08T02:29:49;98135.48;;;1.68;72.48
24023;BME280;12226;55.68345798;37.59173334;2019-12-08T02:37:57;98131.80;;;1.59;72.91
24023;BME280;12226;55.68345798;37.59173334;2019-12-08T02:43:03;98133.41;;;1.87;72.05
24023;BME280;12226;55.68345798;37.59173334;2019-12-08T02:45:35;98131.87;;;1.95;71.96
24023;BME280;12226;55.68345798;37.59173334;2019-12-08T02:48:12;98128.22;;;1.97;71.86
24023;BME280;12226;55.68345798;37.59173334;2019-12-08T02:51:05;98129.25;;;1.87;72.07
24023;BME280;12226;55.68345798;37.59173334;2019-12-08T02:54:25;98127.01;;;1.62;72.92
24023;BME280;12226;55.68345798;37.59173334;2019-12-08T02:57:10;98115.52;;;1.41;73.83
24023;BME280;12226;55.68345798;37.59173334;2019-12-08T02:59:41;98121.22;;;1.34;74.45
24023;BME280;12226;55.68345798;37.59173334;2019-12-08T03:07:19;98127.73;;;1.54;73.86
24023;BME280;12226;55.68345798;37.59173334;2019-12-08T03:09:51;98121.14;;;1.53;73.92
24023;BME280;12226;55.68345798;37.59173334;2019-12-08T03:17:25;98104.71;;;1.70;73.27
24023;BME280;12226;55.68345798;37.59173334;2019-12-08T03:19:55;98105.53;;;1.70;73.49
24023;BME280;12226;55.68345798;37.59173334;2019-12-08T03:22:29;98109.64;;;1.73;73.56
24023;BME280;12226;55.68345798;37.59173334;2019-12-08T03:25:02;98111.23;;;1.49;74.15
24023;BME280;12226;55.68345798;37.59173334;2019-12-08T03:27:35;98113.48;;;1.61;74.08
24023;BME280;12226;55.68345798;37.59173334;2019-12-08T03:30:10;98124.72;;;1.80;73.68
24023;BME280;12226;55.68345798;37.59173334;2019-12-08T03:32:45;98114.49;;;1.78;73.45
24023;BME280;12226;55.68345798;37.59173334;2019-12-08T03:35:18;98132.76;;;1.79;73.56
24023;BME280;12226;55.68345798;37.59173334;2019-12-08T03:37:53;98125.05;;;1.90;73.15
24023;BME280;12226;55.68345798;37.59173334;2019-12-08T03:40:25;98130.41;;;1.73;73.72
24023;BME280;12226;55.68345798;37.59173334;2019-12-08T03:45:51;98118.55;;;1.83;73.48
24023;BME280;12226;55.68345798;37.59173334;2019-12-08T03:48:25;98123.47;;;1.86;73.66
24023;BME280;12226;55.68345798;37.59173334;2019-12-08T03:50:57;98126.43;;;1.90;73.46
24023;BME280;12226;55.68345798;37.59173334;2019-12-08T03:53:31;98130.91;;;1.88;73.51
24023;BME280;12226;55.68345798;37.59173334;2019-12-08T03:56:10;98124.35;;;1.84;73.67
24023;BME280;12226;55.68345798;37.59173334;2019-12-08T03:59:21;98127.23;;;2.04;73.36
24023;BME280;12226;55.68345798;37.59173334;2019-12-08T04:04:46;98126.20;;;2.13;72.91
24023;BME280;12226;55.68345798;37.59173334;2019-12-08T04:09:52;98131.68;;;1.91;73.59
24023;BME280;12226;55.68345798;37.59173334;2019-12-08T04:12:35;98142.59;;;1.72;74.26
24023;BME280;12226;55.68345798;37.59173334;2019-12-08T04:17:38;98138.30;;;1.79;74.56
24023;BME280;12226;55.68345798;37.59173334;2019-12-08T04:22:41;98140.56;;;1.77;74.78
24023;BME280;12226;55.68345798;37.59173334;2019-12-08T04:27:47;98137.67;;;1.96;74.16
24023;BME280;12226;55.68345798;37.59173334;2019-12-08T04:32:56;98150.53;;;1.76;74.98
24023;BME280;12226;55.68345798;37.59173334;2019-12-08T04:35:29;98155.94;;;1.70;75.25
24023;BME280;12226;55.68345798;37.59173334;2019-12-08T04:38:00;98153.62;;;1.74;75.43
24023;BME280;12226;55.68345798;37.59173334;2019-12-08T04:40:31;98138.37;;;2.01;74.53
24023;BME280;12226;55.68345798;37.59173334;2019-12-08T04:45:41;98144.84;;;1.97;74.38
24023;BME280;12226;55.68345798;37.59173334;2019-12-08T04:51:09;98144.09;;;2.19;73.85
24023;BME280;12226;55.68345798;37.59173334;2019-12-08T04:53:38;98149.66;;;2.05;74.25
24023;BME280;12226;55.68345798;37.59173334;2019-12-08T04:56:11;98147.83;;;2.00;74.59
24023;BME280;12226;55.68345798;37.59173334;2019-12-08T05:04:29;98138.70;;;1.86;74.95
24023;BME280;12226;55.68345798;37.59173334;2019-12-08T05:07:01;98142.97;;;1.68;75.97
24023;BME280;12226;55.68345798;37.59173334;2019-12-08T05:09:52;98136.03;;;1.81;75.80
24023;BME280;12226;55.68345798;37.59173334;2019-12-08T05:15:10;98162.55;;;1.98;75.09
24023;BME280;12226;55.68345798;37.59173334;2019-12-08T05:17:44;98152.86;;;1.98;75.15
24023;BME280;12226;55.68345798;37.59173334;2019-12-08T05:22:47;98160.66;;;1.96;75.39
24023;BME280;12226;55.68345798;37.59173334;2019-12-08T05:25:20;98150.73;;;2.06;75.29
24023;BME280;12226;55.68345798;37.59173334;2019-12-08T05:28:10;98148.47;;;2.08;75.08
24023;BME280;12226;55.68345798;37.59173334;2019-12-08T05:31:11;98158.06;;;2.13;75.04
24023;BME280;12226;55.68345798;37.59173334;2019-12-08T05:36:15;98171.02;;;1.91;75.95
24023;BME280;12226;55.68345798;37.59173334;2019-12-08T05:38:46;98160.48;;;2.04;75.47
24023;BME280;12226;55.68345798;37.59173334;2019-12-08T05:43:56;98166.41;;;2.25;74.84
24023;BME280;12226;55.68345798;37.59173334;2019-12-08T05:49:00;98163.20;;;2.45;74.39
24023;BME280;12226;55.68345798;37.59173334;2019-12-08T05:51:33;98170.45;;;2.30;74.65
24023;BME280;12226;55.68345798;37.59173334;2019-12-08T05:54:11;98162.30;;;2.36;74.79
24023;BME280;12226;55.68345798;37.59173334;2019-12-08T05:59:28;98180.84;;;2.24;75.33
24023;BME280;12226;55.68345798;37.59173334;2019-12-08T06:04:32;98175.20;;;2.65;74.07
24023;BME280;12226;55.68345798;37.59173334;2019-12-08T06:09:49;98182.09;;;2.43;74.61
24023;BME280;12226;55.68345798;37.59173334;2019-12-08T06:12:26;98191.95;;;2.71;74.13
24023;BME280;12226;55.68345798;37.59173334;2019-12-08T06:17:29;98202.30;;;2.43;74.74
24023;BME280;12226;55.68345798;37.59173334;2019-12-08T06:22:32;98198.64;;;2.45;75.01
24023;BME280;12226;55.68345798;37.59173334;2019-12-08T06:25:09;98195.87;;;2.59;74.75
24023;BME280;12226;55.68345798;37.59173334;2019-12-08T06:27:44;98199.59;;;2.65;74.49
24023;BME280;12226;55.68345798;37.59173334;2019-12-08T06:36:41;98191.69;;;2.34;75.86
24023;BME280;12226;55.68345798;37.59173334;2019-12-08T06:39:17;98192.89;;;2.31;76.11
24023;BME280;12226;55.68345798;37.59173334;2019-12-08T06:41:53;98188.86;;;2.37;75.87
24023;BME280;12226;55.68345798;37.59173334;2019-12-08T06:44:25;98193.50;;;2.52;75.58
24023;BME280;12226;55.68345798;37.59173334;2019-12-08T06:49:32;98203.58;;;2.48;75.83
24023;BME280;12226;55.68345798;37.59173334;2019-12-08T06:52:08;98206.31;;;2.62;75.36
24023;BME280;12226;55.68345798;37.59173334;2019-12-08T06:54:49;98201.59;;;2.62;75.39
24023;BME280;12226;55.68345798;37.59173334;2019-12-08T06:57:25;98198.27;;;2.63;75.48
24023;BME280;12226;55.68345798;37.59173334;2019-12-08T07:00:06;98203.52;;;2.51;75.91
24023;BME280;12226;55.68345798;37.59173334;2019-12-08T07:02:41;98203.04;;;2.60;76.08
24023;BME280;12226;55.68345798;37.59173334;2019-12-08T07:05:14;98216.38;;;2.47;76.53
24023;BME280;12226;55.68345798;37.59173334;2019-12-08T07:10:15;98222.61;;;2.52;77.20
24023;BME280;12226;55.68345798;37.59173334;2019-12-08T07:12:47;98223.14;;;2.54;77.37
24023;BME280;12226;55.68345798;37.59173334;2019-12-08T07:20:35;98223.86;;;2.46;79.51
24023;BME280;12226;55.68345798;37.59173334;2019-12-08T07:28:12;98232.08;;;2.51;79.88
24023;BME280;12226;55.68345798;37.59173334;2019-12-08T07:36:11;98231.88;;;2.34;81.21
24023;BME280;12226;55.68345798;37.59173334;2019-12-08T07:41:31;98239.37;;;2.34;81.72
24023;BME280;12226;55.68345798;37.59173334;2019-12-08T07:46:38;98240.66;;;2.39;81.67
24023;BME280;12226;55.68345798;37.59173334;2019-12-08T07:51:42;98247.37;;;2.49;80.42
24023;BME280;12226;55.68345798;37.59173334;2019-12-08T07:57:05;98240.63;;;2.52;79.99
24023;BME280;12226;55.68345798;37.59173334;2019-12-08T08:02:12;98246.66;;;2.43;80.04
24023;BME280;12226;55.68345798;37.59173334;2019-12-08T08:04:45;98236.66;;;2.69;79.19
24023;BME280;12226;55.68345798;37.59173334;2019-12-08T08:10:39;98226.41;;;2.81;78.56
24023;BME280;12226;55.68345798;37.59173334;2019-12-08T08:13:14;98227.75;;;2.95;77.91
24023;BME280;12226;55.68345798;37.59173334;2019-12-08T08:18:54;98231.73;;;2.91;77.83
24023;BME280;12226;55.68345798;37.59173334;2019-12-08T08:21:28;98226.41;;;2.92;77.90
24023;BME280;12226;55.68345798;37.59173334;2019-12-08T08:26:38;98229.34;;;3.09;77.19
24023;BME280;12226;55.68345798;37.59173334;2019-12-08T08:29:11;98234.51;;;3.02;77.58
24023;BME280;12226;55.68345798;37.59173334;2019-12-08T08:31:44;98231.68;;;3.49;76.45
24023;BME280;12226;55.68345798;37.59173334;2019-12-08T08:36:47;98228.45;;;3.00;77.13
24023;BME280;12226;55.68345798;37.59173334;2019-12-08T08:44:43;98224.91;;;2.86;77.86
24023;BME280;12226;55.68345798;37.59173334;2019-12-08T08:55:08;98225.47;;;2.86;77.78
24023;BME280;12226;55.68345798;37.59173334;2019-12-08T09:05:23;98234.51;;;3.02;77.62
24023;BME280;12226;55.68345798;37.59173334;2019-12-08T09:13:11;98230.83;;;3.60;75.96
24023;BME280;12226;55.68345798;37.59173334;2019-12-08T09:26:11;98242.83;;;3.35;76.50
24023;BME280;12226;55.68345798;37.59173334;2019-12-08T09:28:44;98244.36;;;3.41;76.15
24023;BME280;12226;55.68345798;37.59173334;2019-12-08T09:31:17;98243.30;;;3.40;76.35
24023;BME280;12226;55.68345798;37.59173334;2019-12-08T09:33:48;98243.59;;;3.38;76.45
24023;BME280;12226;55.68345798;37.59173334;2019-12-08T09:36:18;98238.66;;;3.35;76.52
24023;BME280;12226;55.68345798;37.59173334;2019-12-08T09:38:49;98236.59;;;3.41;76.41
24023;BME280;12226;55.68345798;37.59173334;2019-12-08T09:46:27;98225.11;;;3.56;75.85
24023;BME280;12226;55.68345798;37.59173334;2019-12-08T09:48:58;98224.53;;;3.45;76.26
24023;BME280;12226;55.68345798;37.59173334;2019-12-08T09:51:29;98236.92;;;3.39;76.43
24023;BME280;12226;55.68345798;37.59173334;2019-12-08T09:56:35;98220.55;;;3.60;76.03
24023;BME280;12226;55.68345798;37.59173334;2019-12-08T10:04:10;98225.91;;;3.57;75.95
24023;BME280;12226;55.68345798;37.59173334;2019-12-08T10:06:44;98224.14;;;3.49;76.25
24023;BME280;12226;55.68345798;37.59173334;2019-12-08T10:09:16;98220.20;;;3.42;76.37
24023;BME280;12226;55.68345798;37.59173334;2019-12-08T10:11:50;98227.13;;;3.53;76.43
24023;BME280;12226;55.68345798;37.59173334;2019-12-08T10:21:59;98223.41;;;3.46;76.51
24023;BME280;12226;55.68345798;37.59173334;2019-12-08T10:32:17;98221.11;;;3.60;76.07
24023;BME280;12226;55.68345798;37.59173334;2019-12-08T10:37:17;98217.62;;;3.76;75.72
24023;BME280;12226;55.68345798;37.59173334;2019-12-08T10:45:11;98229.66;;;3.83;75.52
24023;BME280;12226;55.68345798;37.59173334;2019-12-08T10:50:40;98227.80;;;3.89;75.06
24023;BME280;12226;55.68345798;37.59173334;2019-12-08T10:53:14;98243.52;;;3.74;75.41
24023;BME280;12226;55.68345798;37.59173334;2019-12-08T10:58:17;98248.58;;;3.92;75.05
24023;BME280;12226;55.68345798;37.59173334;2019-12-08T11:00:51;98247.72;;;3.83;75.31
24023;BME280;12226;55.68345798;37.59173334;2019-12-08T11:03:22;98250.86;;;3.90;75.12
24023;BME280;12226;55.68345798;37.59173334;2019-12-08T11:05:55;98247.29;;;3.98;74.95
24023;BME280;12226;55.68345798;37.59173334;2019-12-08T11:08:25;98246.69;;;3.90;74.99
24023;BME280;12226;55.68345798;37.59173334;2019-12-08T11:13:31;98266.30;;;3.74;75.56
24023;BME280;12226;55.68345798;37.59173334;2019-12-08T11:16:03;98259.59;;;3.75;75.59
24023;BME280;12226;55.68345798;37.59173334;2019-12-08T11:18:35;98261.08;;;3.72;75.55
24023;BME280;12226;55.68345798;37.59173334;2019-12-08T11:21:07;98253.60;;;3.81;75.55
24023;BME280;12226;55.68345798;37.59173334;2019-12-08T11:23:38;98257.18;;;3.82;75.38
24023;BME280;12226;55.68345798;37.59173334;2019-12-08T11:31:47;98243.81;;;3.84;75.47
24023;BME280;12226;55.68345798;37.59173334;2019-12-08T11:34:18;98255.06;;;3.79;75.75
24023;BME280;12226;55.68345798;37.59173334;2019-12-08T11:36:49;98247.19;;;3.92;75.27
24023;BME280;12226;55.68345798;37.59173334;2019-12-08T11:39:37;98248.02;;;3.92;75.19
24023;BME280;12226;55.68345798;37.59173334;2019-12-08T11:42:08;98250.13;;;4.06;74.84
24023;BME280;12226;55.68345798;37.59173334;2019-12-08T11:44:42;98264.49;;;4.00;74.72
24023;BME280;12226;55.68345798;37.59173334;2019-12-08T11:47:13;98257.38;;;4.05;74.87
24023;BME280;12226;55.68345798;37.59173334;2019-12-08T11:52:14;98251.75;;;4.07;74.75
24023;BME280;12226;55.68345798;37.59173334;2019-12-08T11:54:49;98256.52;;;4.07;74.69
24023;BME280;12226;55.68345798;37.59173334;2019-12-08T11:57:20;98259.30;;;3.96;74.95
24023;BME280;12226;55.68345798;37.59173334;2019-12-08T12:07:45;98278.17;;;3.77;75.68
24023;BME280;12226;55.68345798;37.59173334;2019-12-08T12:10:38;98286.52;;;3.77;75.71
24023;BME280;12226;55.68345798;37.59173334;2019-12-08T12:15:38;98287.84;;;3.79;75.59
24023;BME280;12226;55.68345798;37.59173334;2019-12-08T12:18:09;98283.27;;;3.83;75.45
24023;BME280;12226;55.68345798;37.59173334;2019-12-08T12:20:41;98288.01;;;3.83;75.66
24023;BME280;12226;55.68345798;37.59173334;2019-12-08T12:23:14;98295.89;;;3.89;75.43
24023;BME280;12226;55.68345798;37.59173334;2019-12-08T12:28:15;98309.28;;;3.87;75.36
24023;BME280;12226;55.68345798;37.59173334;2019-12-08T12:30:46;98304.24;;;3.78;75.46
24023;BME280;12226;55.68345798;37.59173334;2019-12-08T12:33:18;98308.28;;;3.83;75.43
24023;BME280;12226;55.68345798;37.59173334;2019-12-08T12:35:49;98312.08;;;3.76;75.58
24023;BME280;12226;55.68345798;37.59173334;2019-12-08T12:38:20;98315.23;;;3.83;75.41
24023;BME280;12226;55.68345798;37.59173334;2019-12-08T12:40:53;98318.96;;;3.79;75.44
24023;BME280;12226;55.68345798;37.59173334;2019-12-08T12:48:32;98331.57;;;3.85;76.07
24023;BME280;12226;55.68345798;37.59173334;2019-12-08T12:56:30;98337.77;;;3.71;76.85
24023;BME280;12226;55.68345798;37.59173334;2019-12-08T12:59:04;98338.52;;;3.85;76.37
24023;BME280;12226;55.68345798;37.59173334;2019-12-08T13:01:36;98334.34;;;3.96;75.99
24023;BME280;12226;55.68345798;37.59173334;2019-12-08T13:04:08;98335.87;;;4.02;75.61
24023;BME280;12226;55.68345798;37.59173334;2019-12-08T13:06:39;98342.88;;;3.99;75.25
24023;BME280;12226;55.68345798;37.59173334;2019-12-08T13:11:39;98353.65;;;4.12;75.10
24023;BME280;12226;55.68345798;37.59173334;2019-12-08T13:14:10;98351.33;;;4.05;74.91
24023;BME280;12226;55.68345798;37.59173334;2019-12-08T13:16:41;98348.16;;;4.20;74.70
24023;BME280;12226;55.68345798;37.59173334;2019-12-08T13:24:31;98362.13;;;3.96;75.12
24023;BME280;12226;55.68345798;37.59173334;2019-12-08T13:30:13;98367.58;;;3.90;74.92
24023;BME280;12226;55.68345798;37.59173334;2019-12-08T13:32:44;98367.02;;;3.90;74.91
24023;BME280;12226;55.68345798;37.59173334;2019-12-08T13:38:07;98375.02;;;3.92;74.82
24023;BME280;12226;55.68345798;37.59173334;2019-12-08T13:40:59;98367.95;;;3.97;74.80
24023;BME280;12226;55.68345798;37.59173334;2019-12-08T13:48:43;98389.60;;;3.86;75.33
24023;BME280;12226;55.68345798;37.59173334;2019-12-08T13:51:34;98385.25;;;3.83;75.42
24023;BME280;12226;55.68345798;37.59173334;2019-12-08T13:56:55;98398.77;;;3.87;75.73
24023;BME280;12226;55.68345798;37.59173334;2019-12-08T14:02:19;98407.30;;;4.01;75.52
24023;BME280;12226;55.68345798;37.59173334;2019-12-08T14:04:51;98413.69;;;4.02;75.71
24023;BME280;12226;55.68345798;37.59173334;2019-12-08T14:07:23;98415.16;;;3.75;77.91
24023;BME280;12226;55.68345798;37.59173334;2019-12-08T14:09:57;98423.81;;;3.62;78.59
24023;BME280;12226;55.68345798;37.59173334;2019-12-08T14:14:57;98428.42;;;3.56;79.32
24023;BME280;12226;55.68345798;37.59173334;2019-12-08T14:20:20;98432.38;;;3.63;78.56
24023;BME280;12226;55.68345798;37.59173334;2019-12-08T14:29:02;98454.30;;;3.53;78.49
24023;BME280;12226;55.68345798;37.59173334;2019-12-08T14:31:35;98457.42;;;3.49;78.26
24023;BME280;12226;55.68345798;37.59173334;2019-12-08T14:39:19;98473.20;;;3.51;77.76
24023;BME280;12226;55.68345798;37.59173334;2019-12-08T14:44:39;98482.81;;;3.57;77.47
24023;BME280;12226;55.68345798;37.59173334;2019-12-08T14:47:10;98495.02;;;3.58;77.60
24023;BME280;12226;55.68345798;37.59173334;2019-12-08T14:49:45;98502.88;;;3.67;77.38
24023;BME280;12226;55.68345798;37.59173334;2019-12-08T14:52:20;98509.63;;;3.75;77.21
24023;BME280;12226;55.68345798;37.59173334;2019-12-08T14:57:23;98495.18;;;3.75;77.21
24023;BME280;12226;55.68345798;37.59173334;2019-12-08T14:59:56;98501.38;;;3.72;77.47
24023;BME280;12226;55.68345798;37.59173334;2019-12-08T15:02:30;98502.34;;;3.79;77.11
24023;BME280;12226;55.68345798;37.59173334;2019-12-08T15:05:01;98511.23;;;3.78;77.21
24023;BME280;12226;55.68345798;37.59173334;2019-12-08T15:07:32;98517.17;;;3.74;77.39
24023;BME280;12226;55.68345798;37.59173334;2019-12-08T15:10:22;98521.47;;;3.80;77.43
24023;BME280;12226;55.68345798;37.59173334;2019-12-08T15:12:53;98519.95;;;3.74;77.25
24023;BME280;12226;55.68345798;37.59173334;2019-12-08T15:15:24;98520.29;;;3.70;77.60
24023;BME280;12226;55.68345798;37.59173334;2019-12-08T15:17:56;98535.78;;;3.74;77.25
24023;BME280;12226;55.68345798;37.59173334;2019-12-08T15:20:46;98533.14;;;3.80;76.99
24023;BME280;12226;55.68345798;37.59173334;2019-12-08T15:23:17;98537.63;;;3.78;76.60
24023;BME280;12226;55.68345798;37.59173334;2019-12-08T15:25:50;98544.20;;;3.82;76.54
24023;BME280;12226;55.68345798;37.59173334;2019-12-08T15:28:40;98541.45;;;3.93;76.21
24023;BME280;12226;55.68345798;37.59173334;2019-12-08T15:31:11;98548.77;;;3.89;75.79
24023;BME280;12226;55.68345798;37.59173334;2019-12-08T15:33:41;98551.09;;;3.85;75.80
24023;BME280;12226;55.68345798;37.59173334;2019-12-08T15:36:13;98554.70;;;3.85;75.97
24023;BME280;12226;55.68345798;37.59173334;2019-12-08T15:38:44;98552.75;;;3.86;75.30
24023;BME280;12226;55.68345798;37.59173334;2019-12-08T15:41:15;98556.87;;;3.88;75.30
24023;BME280;12226;55.68345798;37.59173334;2019-12-08T15:43:46;98560.45;;;3.89;75.22
24023;BME280;12226;55.68345798;37.59173334;2019-12-08T15:46:17;98558.06;;;3.96;75.17
24023;BME280;12226;55.68345798;37.59173334;2019-12-08T15:48:47;98563.91;;;4.08;74.77
24023;BME280;12226;55.68345798;37.59173334;2019-12-08T15:51:18;98563.09;;;4.07;74.50
24023;BME280;12226;55.68345798;37.59173334;2019-12-08T15:53:50;98581.59;;;4.01;74.58
24023;BME280;12226;55.68345798;37.59173334;2019-12-08T15:56:21;98584.31;;;3.79;74.98
24023;BME280;12226;55.68345798;37.59173334;2019-12-08T15:58:53;98587.75;;;3.73;75.33
24023;BME280;12226;55.68345798;37.59173334;2019-12-08T16:01:24;98582.09;;;3.78;75.25
24023;BME280;12226;55.68345798;37.59173334;2019-12-08T16:03:55;98595.94;;;3.67;75.29
24023;BME280;12226;55.68345798;37.59173334;2019-12-08T16:06:26;98587.89;;;3.66;75.41
24023;BME280;12226;55.68345798;37.59173334;2019-12-08T16:08:56;98587.19;;;3.74;75.46
24023;BME280;12226;55.68345798;37.59173334;2019-12-08T16:11:27;98593.52;;;3.77;75.33
24023;BME280;12226;55.68345798;37.59173334;2019-12-08T16:13:59;98594.79;;;3.68;75.67
24023;BME280;12226;55.68345798;37.59173334;2019-12-08T16:16:30;98598.59;;;3.59;76.08
24023;BME280;12226;55.68345798;37.59173334;2019-12-08T16:19:00;98596.50;;;3.53;76.42
24023;BME280;12226;55.68345798;37.59173334;2019-12-08T16:21:31;98608.02;;;3.46;76.56
24023;BME280;12226;55.68345798;37.59173334;2019-12-08T16:24:02;98605.62;;;3.56;76.54
24023;BME280;12226;55.68345798;37.59173334;2019-12-08T16:26:33;98612.66;;;3.65;76.38
24023;BME280;12226;55.68345798;37.59173334;2019-12-08T16:29:04;98617.98;;;3.75;76.21
24023;BME280;12226;55.68345798;37.59173334;2019-12-08T16:31:35;98620.11;;;3.80;75.96
24023;BME280;12226;55.68345798;37.59173334;2019-12-08T16:34:06;98621.09;;;3.73;75.78
24023;BME280;12226;55.68345798;37.59173334;2019-12-08T16:36:37;98615.67;;;3.66;75.90
24023;BME280;12226;55.68345798;37.59173334;2019-12-08T16:39:07;98621.65;;;3.59;76.17
24023;BME280;12226;55.68345798;37.59173334;2019-12-08T16:41:38;98623.55;;;3.47;76.61
24023;BME280;12226;55.68345798;37.59173334;2019-12-08T16:44:09;98625.76;;;3.48;76.72
24023;BME280;12226;55.68345798;37.59173334;2019-12-08T16:46:40;98624.80;;;3.69;76.48
24023;BME280;12226;55.68345798;37.59173334;2019-12-08T16:49:11;98627.47;;;3.60;76.82
24023;BME280;12226;55.68345798;37.59173334;2019-12-08T16:51:43;98633.62;;;3.43;77.69
24023;BME280;12226;55.68345798;37.59173334;2019-12-08T16:54:14;98637.06;;;3.51;78.04
24023;BME280;12226;55.68345798;37.59173334;2019-12-08T16:56:45;98645.16;;;3.50;78.84
24023;BME280;12226;55.68345798;37.59173334;2019-12-08T16:59:16;98648.47;;;3.36;79.57
24023;BME280;12226;55.68345798;37.59173334;2019-12-08T17:01:47;98652.53;;;3.28;80.67
24023;BME280;12226;55.68345798;37.59173334;2019-12-08T17:04:17;98657.30;;;3.25;80.15
24023;BME280;12226;55.68345798;37.59173334;2019-12-08T17:07:07;98657.16;;;3.32;80.08
24023;BME280;12226;55.68345798;37.59173334;2019-12-08T17:09:38;98658.04;;;3.30;80.04
24023;BME280;12226;55.68345798;37.59173334;2019-12-08T17:12:09;98665.36;;;3.40;79.47
24023;BME280;12226;55.68345798;37.59173334;2019-12-08T17:14:40;98661.76;;;3.39;80.14
24023;BME280;12226;55.68345798;37.59173334;2019-12-08T17:17:11;98671.05;;;3.32;80.94
24023;BME280;12226;55.68345798;37.59173334;2019-12-08T17:19:41;98681.45;;;3.24;82.49
24023;BME280;12226;55.68345798;37.59173334;2019-12-08T17:22:14;98676.34;;;3.15;83.01
24023;BME280;12226;55.68345798;37.59173334;2019-12-08T17:24:45;98674.00;;;3.06;83.43
24023;BME280;12226;55.68345798;37.59173334;2019-12-08T17:27:16;98680.34;;;3.09;82.94
24023;BME280;12226;55.68345798;37.59173334;2019-12-08T17:29:49;98680.63;;;3.08;83.48
24023;BME280;12226;55.68345798;37.59173334;2019-12-08T17:32:19;98682.31;;;2.90;83.58
24023;BME280;12226;55.68345798;37.59173334;2019-12-08T17:34:50;98675.73;;;2.86;84.14
24023;BME280;12226;55.68345798;37.59173334;2019-12-08T17:37:21;98675.89;;;2.92;83.26
24023;BME280;12226;55.68345798;37.59173334;2019-12-08T17:39:52;98686.80;;;3.05;82.89
24023;BME280;12226;55.68345798;37.59173334;2019-12-08T17:42:23;98682.48;;;3.12;81.91
24023;BME280;12226;55.68345798;37.59173334;2019-12-08T17:44:54;98686.02;;;3.18;81.78
24023;BME280;12226;55.68345798;37.59173334;2019-12-08T17:47:24;98689.30;;;3.20;81.12
24023;BME280;12226;55.68345798;37.59173334;2019-12-08T17:49:55;98692.35;;;3.21;80.03
24023;BME280;12226;55.68345798;37.59173334;2019-12-08T17:52:26;98687.40;;;3.18;79.59
24023;BME280;12226;55.68345798;37.59173334;2019-12-08T17:54:57;98683.55;;;3.16;80.07
24023;BME280;12226;55.68345798;37.59173334;2019-12-08T17:57:28;98692.59;;;3.22;79.91
24023;BME280;12226;55.68345798;37.59173334;2019-12-08T18:00:00;98685.80;;;3.30;79.34
24023;BME280;12226;55.68345798;37.59173334;2019-12-08T18:02:31;98688.82;;;3.31;78.74
24023;BME280;12226;55.68345798;37.59173334;2019-12-08T18:05:02;98694.81;;;3.38;78.59
24023;BME280;12226;55.68345798;37.59173334;2019-12-08T18:07:32;98689.17;;;3.43;78.25
24023;BME280;12226;55.68345798;37.59173334;2019-12-08T18:10:03;98688.30;;;3.45;78.36
24023;BME280;12226;55.68345798;37.59173334;2019-12-08T18:12:34;98684.55;;;3.52;78.17
24023;BME280;12226;55.68345798;37.59173334;2019-12-08T18:15:08;98688.09;;;3.42;78.01
24023;BME280;12226;55.68345798;37.59173334;2019-12-08T18:17:41;98682.27;;;3.41;77.91
24023;BME280;12226;55.68345798;37.59173334;2019-12-08T18:20:30;98686.88;;;3.32;77.70
24023;BME280;12226;55.68345798;37.59173334;2019-12-08T18:23:20;98693.41;;;3.38;77.91
24023;BME280;12226;55.68345798;37.59173334;2019-12-08T18:26:10;98697.30;;;3.40;77.47
24023;BME280;12226;55.68345798;37.59173334;2019-12-08T18:28:41;98702.02;;;3.39;76.95
24023;BME280;12226;55.68345798;37.59173334;2019-12-08T18:31:12;98702.34;;;3.35;77.12
24023;BME280;12226;55.68345798;37.59173334;2019-12-08T18:33:43;98711.94;;;3.43;76.92
24023;BME280;12226;55.68345798;37.59173334;2019-12-08T18:36:14;98717.49;;;3.43;76.01
24023;BME280;12226;55.68345798;37.59173334;2019-12-08T18:38:45;98714.56;;;3.37;75.69
24023;BME280;12226;55.68345798;37.59173334;2019-12-08T18:41:16;98718.84;;;3.29;76.91
24023;BME280;12226;55.68345798;37.59173334;2019-12-08T18:43:47;98722.53;;;3.25;77.32
24023;BME280;12226;55.68345798;37.59173334;2019-12-08T18:46:18;98727.26;;;3.24;76.91
24023;BME280;12226;55.68345798;37.59173334;2019-12-08T18:48:48;98726.22;;;3.36;76.53
24023;BME280;12226;55.68345798;37.59173334;2019-12-08T18:51:19;98727.30;;;3.38;75.66
24023;BME280;12226;55.68345798;37.59173334;2019-12-08T18:53:50;98722.61;;;3.52;75.65
24023;BME280;12226;55.68345798;37.59173334;2019-12-08T18:56:22;98729.73;;;3.58;75.49
24023;BME280;12226;55.68345798;37.59173334;2019-12-08T18:58:53;98735.25;;;3.58;75.51
24023;BME280;12226;55.68345798;37.59173334;2019-12-08T19:01:24;98735.25;;;3.61;75.33
24023;BME280;12226;55.68345798;37.59173334;2019-12-08T19:03:54;98727.65;;;3.50;74.49
24023;BME280;12226;55.68345798;37.59173334;2019-12-08T19:06:25;98729.86;;;3.50;74.46
24023;BME280;12226;55.68345798;37.59173334;2019-12-08T19:09:00;98723.55;;;3.61;74.65
24023;BME280;12226;55.68345798;37.59173334;2019-12-08T19:11:30;98736.69;;;3.58;74.22
24023;BME280;12226;55.68345798;37.59173334;2019-12-08T19:14:00;98720.66;;;3.52;74.17
24023;BME280;12226;55.68345798;37.59173334;2019-12-08T19:16:49;98724.55;;;3.51;74.21
24023;BME280;12226;55.68345798;37.59173334;2019-12-08T19:19:20;98722.32;;;3.53;73.93
24023;BME280;12226;55.68345798;37.59173334;2019-12-08T19:21:50;98722.59;;;3.68;73.85
24023;BME280;12226;55.68345798;37.59173334;2019-12-08T19:29:19;98736.75;;;3.69;73.79
24023;BME280;12226;55.68345798;37.59173334;2019-12-08T19:31:50;98730.88;;;3.71;73.95
24023;BME280;12226;55.68345798;37.59173334;2019-12-08T19:34:21;98725.45;;;3.79;73.70
24023;BME280;12226;55.68345798;37.59173334;2019-12-08T19:36:52;98721.13;;;3.87;73.40
24023;BME280;12226;55.68345798;37.59173334;2019-12-08T19:41:52;98727.78;;;3.88;72.90
24023;BME280;12226;55.68345798;37.59173334;2019-12-08T19:44:23;98732.13;;;3.78;72.38
24023;BME280;12226;55.68345798;37.59173334;2019-12-08T19:46:54;98726.63;;;3.89;72.89
24023;BME280;12226;55.68345798;37.59173334;2019-12-08T19:49:26;98721.94;;;3.74;72.58
24023;BME280;12226;55.68345798;37.59173334;2019-12-08T19:54:27;98721.06;;;3.76;72.38
24023;BME280;12226;55.68345798;37.59173334;2019-12-08T19:56:58;98731.21;;;3.83;71.93
24023;BME280;12226;55.68345798;37.59173334;2019-12-08T19:59:29;98726.27;;;3.93;71.83
24023;BME280;12226;55.68345798;37.59173334;2019-12-08T20:02:00;98719.69;;;3.89;71.46
24023;BME280;12226;55.68345798;37.59173334;2019-12-08T20:04:32;98717.73;;;3.90;71.54
24023;BME280;12226;55.68345798;37.59173334;2019-12-08T20:07:22;98720.66;;;3.96;71.66
24023;BME280;12226;55.68345798;37.59173334;2019-12-08T20:10:12;98718.63;;;4.01;71.36
24023;BME280;12226;55.68345798;37.59173334;2019-12-08T20:12:44;98712.73;;;4.03;70.96
24023;BME280;12226;55.68345798;37.59173334;2019-12-08T20:15:14;98712.79;;;4.00;70.77
24023;BME280;12226;55.68345798;37.59173334;2019-12-08T20:17:45;98711.67;;;4.01;70.54
24023;BME280;12226;55.68345798;37.59173334;2019-12-08T20:20:16;98724.59;;;3.95;70.62
24023;BME280;12226;55.68345798;37.59173334;2019-12-08T20:22:47;98718.06;;;4.02;70.68
24023;BME280;12226;55.68345798;37.59173334;2019-12-08T20:25:18;98716.67;;;4.02;70.46
24023;BME280;12226;55.68345798;37.59173334;2019-12-08T20:27:49;98723.16;;;4.11;70.57
24023;BME280;12226;55.68345798;37.59173334;2019-12-08T20:30:19;98728.02;;;3.89;69.59
24023;BME280;12226;55.68345798;37.59173334;2019-12-08T20:32:50;98721.08;;;3.89;69.95
24023;BME280;12226;55.68345798;37.59173334;2019-12-08T20:35:21;98722.23;;;3.88;70.21
24023;BME280;12226;55.68345798;37.59173334;2019-12-08T20:37:52;98721.59;;;3.91;69.86
24023;BME280;12226;55.68345798;37.59173334;2019-12-08T20:40:23;98725.66;;;3.96;69.57
24023;BME280;12226;55.68345798;37.59173334;2019-12-08T20:42:53;98723.25;;;3.92;69.64
24023;BME280;12226;55.68345798;37.59173334;2019-12-08T20:45:24;98716.49;;;3.96;69.14
24023;BME280;12226;55.68345798;37.59173334;2019-12-08T20:47:55;98713.84;;;3.91;68.92
24023;BME280;12226;55.68345798;37.59173334;2019-12-08T20:50:26;98722.38;;;3.94;69.24
24023;BME280;12226;55.68345798;37.59173334;2019-12-08T20:52:57;98718.66;;;3.99;69.15
24023;BME280;12226;55.68345798;37.59173334;2019-12-08T20:55:28;98718.77;;;3.94;68.92
24023;BME280;12226;55.68345798;37.59173334;2019-12-08T20:57:59;98723.02;;;3.89;68.87
24023;BME280;12226;55.68345798;37.59173334;2019-12-08T21:00:30;98723.02;;;3.75;68.82
24023;BME280;12226;55.68345798;37.59173334;2019-12-08T21:03:01;98721.06;;;3.76;68.46
24023;BME280;12226;55.68345798;37.59173334;2019-12-08T21:05:32;98717.92;;;3.80;67.40
24023;BME280;12226;55.68345798;37.59173334;2019-12-08T21:08:03;98717.17;;;3.77;68.20
24023;BME280;12226;55.68345798;37.59173334;2019-12-08T21:10:34;98714.94;;;3.63;68.37
24023;BME280;12226;55.68345798;37.59173334;2019-12-08T21:13:04;98713.87;;;3.59;68.36
24023;BME280;12226;55.68345798;37.59173334;2019-12-08T21:15:35;98720.30;;;3.57;67.87
24023;BME280;12226;55.68345798;37.59173334;2019-12-08T21:18:06;98716.98;;;3.71;68.04
24023;BME280;12226;55.68345798;37.59173334;2019-12-08T21:20:37;98717.17;;;3.77;67.66
24023;BME280;12226;55.68345798;37.59173334;2019-12-08T21:23:08;98713.15;;;3.83;67.50
24023;BME280;12226;55.68345798;37.59173334;2019-12-08T21:25:39;98712.95;;;3.79;67.10
24023;BME280;12226;55.68345798;37.59173334;2019-12-08T21:28:09;98707.67;;;3.64;66.28
24023;BME280;12226;55.68345798;37.59173334;2019-12-08T21:30:40;98711.52;;;3.66;67.04
24023;BME280;12226;55.68345798;37.59173334;2019-12-08T21:33:11;98710.96;;;3.66;66.82
24023;BME280;12226;55.68345798;37.59173334;2019-12-08T21:35:42;98713.36;;;3.57;66.27
24023;BME280;12226;55.68345798;37.59173334;2019-12-08T21:38:13;98714.30;;;3.66;66.53
24023;BME280;12226;55.68345798;37.59173334;2019-12-08T21:40:43;98713.33;;;3.73;66.53
24023;BME280;12226;55.68345798;37.59173334;2019-12-08T21:43:14;98703.42;;;3.83;66.69
24023;BME280;12226;55.68345798;37.59173334;2019-12-08T21:45:45;98702.96;;;3.92;66.77
24023;BME280;12226;55.68345798;37.59173334;2019-12-08T21:48:16;98715.05;;;3.85;65.95
24023;BME280;12226;55.68345798;37.59173334;2019-12-08T21:50:47;98712.87;;;3.82;66.14
24023;BME280;12226;55.68345798;37.59173334;2019-12-08T21:53:18;98712.23;;;3.87;66.40
24023;BME280;12226;55.68345798;37.59173334;2019-12-08T21:55:48;98706.77;;;3.96;66.32
24023;BME280;12226;55.68345798;37.59173334;2019-12-08T21:58:19;98705.08;;;3.84;65.85
24023;BME280;12226;55.68345798;37.59173334;2019-12-08T22:00:50;98703.32;;;3.74;66.25
24023;BME280;12226;55.68345798;37.59173334;2019-12-08T22:03:21;98700.50;;;3.90;66.48
24023;BME280;12226;55.68345798;37.59173334;2019-12-08T22:05:52;98704.30;;;3.94;66.42
24023;BME280;12226;55.68345798;37.59173334;2019-12-08T22:08:24;98703.75;;;3.95;66.29
24023;BME280;12226;55.68345798;37.59173334;2019-12-08T22:11:14;98710.65;;;3.97;66.05
24023;BME280;12226;55.68345798;37.59173334;2019-12-08T22:13:46;98714.13;;;3.89;66.07
24023;BME280;12226;55.68345798;37.59173334;2019-12-08T22:16:17;98715.91;;;3.69;65.52
24023;BME280;12226;55.68345798;37.59173334;2019-12-08T22:18:48;98716.20;;;3.84;65.99
24023;BME280;12226;55.68345798;37.59173334;2019-12-08T22:21:18;98712.69;;;3.92;65.74
24023;BME280;12226;55.68345798;37.59173334;2019-12-08T22:23:49;98715.19;;;3.77;64.92
24023;BME280;12226;55.68345798;37.59173334;2019-12-08T22:26:20;98706.01;;;3.63;65.00
24023;BME280;12226;55.68345798;37.59173334;2019-12-08T22:28:51;98715.14;;;3.80;65.50
24023;BME280;12226;55.68345798;37.59173334;2019-12-08T22:31:22;98720.37;;;3.84;65.35
24023;BME280;12226;55.68345798;37.59173334;2019-12-08T22:33:52;98723.44;;;3.82;65.29
24023;BME280;12226;55.68345798;37.59173334;2019-12-08T22:36:23;98712.22;;;3.74;65.43
24023;BME280;12226;55.68345798;37.59173334;2019-12-08T22:38:54;98716.85;;;3.78;65.81
24023;BME280;12226;55.68345798;37.59173334;2019-12-08T22:41:25;98711.00;;;3.64;65.79
24023;BME280;12226;55.68345798;37.59173334;2019-12-08T22:43:56;98699.27;;;3.53;65.66
24023;BME280;12226;55.68345798;37.59173334;2019-12-08T22:46:28;98692.01;;;3.54;66.24
24023;BME280;12226;55.68345798;37.59173334;2019-12-08T22:48:59;98688.11;;;3.56;66.28
24023;BME280;12226;55.68345798;37.59173334;2019-12-08T22:51:29;98689.36;;;3.47;66.73
24023;BME280;12226;55.68345798;37.59173334;2019-12-08T22:54:00;98679.89;;;3.34;66.84
24023;BME280;12226;55.68345798;37.59173334;2019-12-08T22:56:31;98675.92;;;3.38;67.19
24023;BME280;12226;55.68345798;37.59173334;2019-12-08T22:59:02;98668.70;;;3.39;67.22
24023;BME280;12226;55.68345798;37.59173334;2019-12-08T23:01:33;98662.53;;;3.26;67.60
24023;BME280;12226;55.68345798;37.59173334;2019-12-08T23:04:04;98664.44;;;3.12;68.17
24023;BME280;12226;55.68345798;37.59173334;2019-12-08T23:06:35;98662.45;;;3.15;67.98
24023;BME280;12226;55.68345798;37.59173334;2019-12-08T23:09:06;98666.02;;;3.18;68.08
24023;BME280;12226;55.68345798;37.59173334;2019-12-08T23:11:37;98665.50;;;3.16;68.09
24023;BME280;12226;55.68345798;37.59173334;2019-12-08T23:14:08;98661.86;;;3.18;67.96
24023;BME280;12226;55.68345798;37.59173334;2019-12-08T23:16:39;98670.58;;;3.12;68.22
24023;BME280;12226;55.68345798;37.59173334;2019-12-08T23:19:09;98672.05;;;3.07;68.51
24023;BME280;12226;55.68345798;37.59173334;2019-12-08T23:21:40;98678.75;;;3.03;68.82
24023;BME280;12226;55.68345798;37.59173334;2019-12-08T23:24:11;98689.86;;;3.03;68.85
24023;BME280;12226;55.68345798;37.59173334;2019-12-08T23:26:42;98687.08;;;3.03;68.83
24023;BME280;12226;55.68345798;37.59173334;2019-12-08T23:29:13;98693.66;;;3.10;68.74
24023;BME280;12226;55.68345798;37.59173334;2019-12-08T23:31:44;98690.81;;;3.12;68.66
24023;BME280;12226;55.68345798;37.59173334;2019-12-08T23:34:14;98686.41;;;3.11;68.84
24023;BME280;12226;55.68345798;37.59173334;2019-12-08T23:36:45;98686.56;;;3.17;68.63
24023;BME280;12226;55.68345798;37.59173334;2019-12-08T23:39:16;98691.80;;;3.21;68.55
24023;BME280;12226;55.68345798;37.59173334;2019-12-08T23:41:47;98691.25;;;3.19;68.72
24023;BME280;12226;55.68345798;37.59173334;2019-12-08T23:44:18;98682.32;;;3.22;68.80
24023;BME280;12226;55.68345798;37.59173334;2019-12-08T23:47:08;98678.98;;;3.23;68.79
24023;BME280;12226;55.68345798;37.59173334;2019-12-08T23:49:40;98671.22;;;3.22;68.88
24023;BME280;12226;55.68345798;37.59173334;2019-12-08T23:52:30;98674.34;;;3.18;68.93
24023;BME280;12226;55.68345798;37.59173334;2019-12-08T23:55:01;98673.91;;;3.27;68.87
24023;BME280;12226;55.68345798;37.59173334;2019-12-08T23:57:32;98668.36;;;3.27;68.56
24023;BME280;12226;55.68345798;37.59173334;2019-12-09T00:00:04;98666.02;;;3.18;68.76
24023;BME280;12226;55.68345798;37.59173334;2019-12-09T00:02:36;98664.66;;;3.32;68.87
24023;BME280;12226;55.68345798;37.59173334;2019-12-09T00:05:07;98664.53;;;3.39;68.70
24023;BME280;12226;55.68345798;37.59173334;2019-12-09T00:07:38;98659.31;;;3.35;68.36
24023;BME280;12226;55.68345798;37.59173334;2019-12-09T00:10:09;98652.19;;;3.16;69.13
24023;BME280;12226;55.68345798;37.59173334;2019-12-09T00:12:40;98660.81;;;3.30;69.09
24023;BME280;12226;55.68345798;37.59173334;2019-12-09T00:15:11;98655.78;;;3.32;68.69
24023;BME280;12226;55.68345798;37.59173334;2019-12-09T00:17:41;98661.33;;;3.32;68.82
24023;BME280;12226;55.68345798;37.59173334;2019-12-09T00:20:12;98663.36;;;3.27;68.93
24023;BME280;12226;55.68345798;37.59173334;2019-12-09T00:22:43;98649.34;;;3.34;68.96
24023;BME280;12226;55.68345798;37.59173334;2019-12-09T00:25:14;98656.89;;;3.31;69.03
24023;BME280;12226;55.68345798;37.59173334;2019-12-09T00:27:45;98647.30;;;3.24;69.28
24023;BME280;12226;55.68345798;37.59173334;2019-12-09T00:30:16;98659.28;;;3.22;69.53
24023;BME280;12226;55.68345798;37.59173334;2019-12-09T00:32:46;98650.70;;;3.37;69.21
24023;BME280;12226;55.68345798;37.59173334;2019-12-09T00:35:17;98655.56;;;3.42;68.98
24023;BME280;12226;55.68345798;37.59173334;2019-12-09T00:37:48;98646.91;;;3.46;68.92
24023;BME280;12226;55.68345798;37.59173334;2019-12-09T00:40:19;98647.69;;;3.33;69.14
24023;BME280;12226;55.68345798;37.59173334;2019-12-09T00:42:50;98650.22;;;3.32;69.21
24023;BME280;12226;55.68345798;37.59173334;2019-12-09T00:45:21;98639.03;;;3.37;69.18
24023;BME280;12226;55.68345798;37.59173334;2019-12-09T00:47:51;98642.83;;;3.41;69.03
24023;BME280;12226;55.68345798;37.59173334;2019-12-09T00:50:22;98637.66;;;3.51;68.98
24023;BME280;12226;55.68345798;37.59173334;2019-12-09T00:52:53;98620.86;;;3.42;69.24
24023;BME280;12226;55.68345798;37.59173334;2019-12-09T00:55:24;98623.06;;;3.29;69.45
24023;BME280;12226;55.68345798;37.59173334;2019-12-09T00:57:55;98624.00;;;3.38;69.44
24023;BME280;12226;55.68345798;37.59173334;2019-12-09T01:00:25;98627.05;;;3.39;69.24
24023;BME280;12226;55.68345798;37.59173334;2019-12-09T01:03:15;98619.89;;;3.49;69.23
24023;BME280;12226;55.68345798;37.59173334;2019-12-09T01:05:48;98622.52;;;3.43;69.19
24023;BME280;12226;55.68345798;37.59173334;2019-12-09T01:08:19;98620.40;;;3.51;69.21
24023;BME280;12226;55.68345798;37.59173334;2019-12-09T01:10:50;98621.09;;;3.60;69.21
24023;BME280;12226;55.68345798;37.59173334;2019-12-09T01:13:20;98619.33;;;3.50;69.45
24023;BME280;12226;55.68345798;37.59173334;2019-12-09T01:15:51;98619.23;;;3.55;69.54
24023;BME280;12226;55.68345798;37.59173334;2019-12-09T01:18:22;98613.87;;;3.59;69.38
24023;BME280;12226;55.68345798;37.59173334;2019-12-09T01:20:53;98614.52;;;3.56;69.54
24023;BME280;12226;55.68345798;37.59173334;2019-12-09T01:23:24;98611.36;;;3.46;70.01
24023;BME280;12226;55.68345798;37.59173334;2019-12-09T01:25:54;98607.61;;;3.39;70.41
24023;BME280;12226;55.68345798;37.59173334;2019-12-09T01:28:25;98598.30;;;3.60;70.01
24023;BME280;12226;55.68345798;37.59173334;2019-12-09T01:30:56;98601.03;;;3.63;69.85
24023;BME280;12226;55.68345798;37.59173334;2019-12-09T01:33:27;98599.65;;;3.63;69.98
24023;BME280;12226;55.68345798;37.59173334;2019-12-09T01:35:58;98598.72;;;3.67;69.93
24023;BME280;12226;55.68345798;37.59173334;2019-12-09T01:38:29;98598.40;;;3.69;69.93
24023;BME280;12226;55.68345798;37.59173334;2019-12-09T01:40:59;98597.11;;;3.50;70.40
24023;BME280;12226;55.68345798;37.59173334;2019-12-09T01:43:30;98595.36;;;3.54;70.50
24023;BME280;12226;55.68345798;37.59173334;2019-12-09T01:46:01;98586.22;;;3.67;70.18
24023;BME280;12226;55.68345798;37.59173334;2019-12-09T01:48:32;98588.44;;;3.68;70.28
24023;BME280;12226;55.68345798;37.59173334;2019-12-09T01:51:03;98578.95;;;3.69;70.24
24023;BME280;12226;55.68345798;37.59173334;2019-12-09T01:53:34;98590.67;;;3.52;70.90
24023;BME280;12226;55.68345798;37.59173334;2019-12-09T01:56:04;98583.59;;;3.60;70.80
24023;BME280;12226;55.68345798;37.59173334;2019-12-09T01:58:35;98589.55;;;3.67;70.83
24023;BME280;12226;55.68345798;37.59173334;2019-12-09T02:01:06;98577.62;;;3.39;71.85
24023;BME280;12226;55.68345798;37.59173334;2019-12-09T02:03:37;98574.28;;;3.39;72.31
24023;BME280;12226;55.68345798;37.59173334;2019-12-09T02:06:08;98581.00;;;3.36;73.11
24023;BME280;12226;55.68345798;37.59173334;2019-12-09T02:08:38;98587.06;;;3.24;74.06
24023;BME280;12226;55.68345798;37.59173334;2019-12-09T02:11:09;98582.32;;;3.11;74.98
24023;BME280;12226;55.68345798;37.59173334;2019-12-09T02:13:40;98589.39;;;3.04;75.76
24023;BME280;12226;55.68345798;37.59173334;2019-12-09T02:16:11;98585.78;;;3.03;75.76
24023;BME280;12226;55.68345798;37.59173334;2019-12-09T02:18:42;98583.69;;;2.98;76.17
24023;BME280;12226;55.68345798;37.59173334;2019-12-09T02:21:13;98579.03;;;3.09;76.09
24023;BME280;12226;55.68345798;37.59173334;2019-12-09T02:23:43;98574.51;;;3.13;75.72
24023;BME280;12226;55.68345798;37.59173334;2019-12-09T02:26:14;98577.02;;;3.12;76.12
24023;BME280;12226;55.68345798;37.59173334;2019-12-09T02:28:45;98576.50;;;3.10;76.22
24023;BME280;12226;55.68345798;37.59173334;2019-12-09T02:31:16;98577.52;;;3.17;76.44
24023;BME280;12226;55.68345798;37.59173334;2019-12-09T02:33:47;98581.55;;;3.22;76.11
24023;BME280;12226;55.68345798;37.59173334;2019-12-09T02:36:18;98574.52;;;3.27;75.91
24023;BME280;12226;55.68345798;37.59173334;2019-12-09T02:39:07;98581.41;;;3.29;76.41
24023;BME280;12226;55.68345798;37.59173334;2019-12-09T02:41:57;98580.75;;;3.21;76.35
24023;BME280;12226;55.68345798;37.59173334;2019-12-09T02:44:28;98577.30;;;3.27;76.55
24023;BME280;12226;55.68345798;37.59173334;2019-12-09T02:46:59;98569.39;;;3.34;76.41
24023;BME280;12226;55.68345798;37.59173334;2019-12-09T02:49:30;98579.70;;;3.17;76.90
24023;BME280;12226;55.68345798;37.59173334;2019-12-09T02:52:01;98578.73;;;3.24;76.96
24023;BME280;12226;55.68345798;37.59173334;2019-12-09T02:54:32;98579.38;;;3.35;76.26
24023;BME280;12226;55.68345798;37.59173334;2019-12-09T02:57:03;98567.34;;;3.39;76.22
24023;BME280;12226;55.68345798;37.59173334;2019-12-09T02:59:34;98575.30;;;3.16;77.44
24023;BME280;12226;55.68345798;37.59173334;2019-12-09T03:02:04;98576.22;;;3.25;76.98
24023;BME280;12226;55.68345798;37.59173334;2019-12-09T03:04:35;98560.03;;;3.30;76.84
24023;BME280;12226;55.68345798;37.59173334;2019-12-09T03:07:06;98564.56;;;3.26;77.56
24023;BME280;12226;55.68345798;37.59173334;2019-12-09T03:09:37;98560.08;;;3.27;77.33
24023;BME280;12226;55.68345798;37.59173334;2019-12-09T03:12:08;98557.81;;;3.29;77.47
24023;BME280;12226;55.68345798;37.59173334;2019-12-09T03:14:38;98549.86;;;3.39;77.31
24023;BME280;12226;55.68345798;37.59173334;2019-12-09T03:17:09;98555.72;;;3.51;76.95
24023;BME280;12226;55.68345798;37.59173334;2019-12-09T03:19:42;98545.73;;;3.50;76.75
24023;BME280;12226;55.68345798;37.59173334;2019-12-09T03:22:14;98551.28;;;3.50;76.90
24023;BME280;12226;55.68345798;37.59173334;2019-12-09T03:24:45;98536.53;;;3.38;77.63
24023;BME280;12226;55.68345798;37.59173334;2019-12-09T03:27:17;98535.41;;;3.39;77.37
24023;BME280;12226;55.68345798;37.59173334;2019-12-09T03:30:07;98529.86;;;3.39;77.77
24023;BME280;12226;55.68345798;37.59173334;2019-12-09T03:32:40;98525.22;;;3.48;77.23
24023;BME280;12226;55.68345798;37.59173334;2019-12-09T03:35:11;98518.73;;;3.53;77.12
24023;BME280;12226;55.68345798;37.59173334;2019-12-09T03:37:41;98512.66;;;3.65;76.64
24023;BME280;12226;55.68345798;37.59173334;2019-12-09T03:40:12;98517.00;;;3.68;76.67
24023;BME280;12226;55.68345798;37.59173334;2019-12-09T03:42:45;98513.11;;;3.69;76.42
24023;BME280;12226;55.68345798;37.59173334;2019-12-09T03:45:18;98517.43;;;3.62;77.01
24023;BME280;12226;55.68345798;37.59173334;2019-12-09T03:47:49;98496.76;;;3.68;76.63
24023;BME280;12226;55.68345798;37.59173334;2019-12-09T03:50:22;98498.69;;;3.56;77.19
24023;BME280;12226;55.68345798;37.59173334;2019-12-09T03:52:55;98493.02;;;3.47;77.91
24023;BME280;12226;55.68345798;37.59173334;2019-12-09T03:55:28;98490.61;;;3.68;77.20
24023;BME280;12226;55.68345798;37.59173334;2019-12-09T03:57:59;98485.70;;;3.65;77.05
24023;BME280;12226;55.68345798;37.59173334;2019-12-09T04:00:31;98489.86;;;3.51;77.66
24023;BME280;12226;55.68345798;37.59173334;2019-12-09T04:03:05;98491.52;;;3.52;78.08
24023;BME280;12226;55.68345798;37.59173334;2019-12-09T04:05:39;98493.05;;;3.59;78.11
24023;BME280;12226;55.68345798;37.59173334;2019-12-09T04:08:10;98485.45;;;3.75;77.37
24023;BME280;12226;55.68345798;37.59173334;2019-12-09T04:10:41;98489.97;;;3.60;77.77
24023;BME280;12226;55.68345798;37.59173334;2019-12-09T04:13:12;98494.22;;;3.69;77.80
24023;BME280;12226;55.68345798;37.59173334;2019-12-09T04:15:43;98500.17;;;3.76;77.54
24023;BME280;12226;55.68345798;37.59173334;2019-12-09T04:18:14;98499.25;;;3.91;77.11
24023;BME280;12226;55.68345798;37.59173334;2019-12-09T04:20:44;98500.70;;;3.89;77.09
24023;BME280;12226;55.68345798;37.59173334;2019-12-09T04:23:15;98492.52;;;3.95;77.01
24023;BME280;12226;55.68345798;37.59173334;2019-12-09T04:25:46;98484.18;;;3.95;77.08
24023;BME280;12226;55.68345798;37.59173334;2019-12-09T04:28:17;98475.19;;;3.87;77.35
24023;BME280;12226;55.68345798;37.59173334;2019-12-09T04:30:49;98477.91;;;3.89;77.40
24023;BME280;12226;55.68345798;37.59173334;2019-12-09T04:33:22;98468.13;;;3.92;77.28
24023;BME280;12226;55.68345798;37.59173334;2019-12-09T04:35:54;98473.05;;;3.84;77.58
24023;BME280;12226;55.68345798;37.59173334;2019-12-09T04:38:31;98472.67;;;3.88;77.56
24023;BME280;12226;55.68345798;37.59173334;2019-12-09T04:46:44;98471.35;;;4.07;76.89
24023;BME280;12226;55.68345798;37.59173334;2019-12-09T04:52:04;98463.34;;;4.06;77.22
24023;BME280;12226;55.68345798;37.59173334;2019-12-09T04:57:23;98456.72;;;4.15;77.07
24023;BME280;12226;55.68345798;37.59173334;2019-12-09T04:59:54;98453.61;;;4.17;77.00
24023;BME280;12226;55.68345798;37.59173334;2019-12-09T05:02:29;98440.03;;;4.04;77.54
24023;BME280;12226;55.68345798;37.59173334;2019-12-09T05:07:32;98444.33;;;3.99;77.99
24023;BME280;12226;55.68345798;37.59173334;2019-12-09T05:10:08;98450.15;;;4.11;77.63
24023;BME280;12226;55.68345798;37.59173334;2019-12-09T05:12:39;98442.11;;;4.10;77.35
24023;BME280;12226;55.68345798;37.59173334;2019-12-09T05:15:10;98445.33;;;4.03;77.61
24023;BME280;12226;55.68345798;37.59173334;2019-12-09T05:17:44;98431.11;;;4.05;77.96
24023;BME280;12226;55.68345798;37.59173334;2019-12-09T05:22:44;98435.81;;;4.07;77.96
24023;BME280;12226;55.68345798;37.59173334;2019-12-09T05:27:47;98427.53;;;4.04;78.21
24023;BME280;12226;55.68345798;37.59173334;2019-12-09T05:30:20;98430.98;;;4.10;78.16
24023;BME280;12226;55.68345798;37.59173334;2019-12-09T05:35:20;98433.01;;;4.29;77.66
24023;BME280;12226;55.68345798;37.59173334;2019-12-09T05:37:51;98435.96;;;4.33;77.36
24023;BME280;12226;55.68345798;37.59173334;2019-12-09T05:42:51;98438.94;;;4.36;77.18
24023;BME280;12226;55.68345798;37.59173334;2019-12-09T05:45:23;98432.30;;;4.23;77.43
24023;BME280;12226;55.68345798;37.59173334;2019-12-09T05:50:23;98434.78;;;4.25;77.85
24023;BME280;12226;55.68345798;37.59173334;2019-12-09T05:52:56;98437.12;;;4.32;77.57
24023;BME280;12226;55.68345798;37.59173334;2019-12-09T05:57:59;98432.13;;;4.20;78.03
24023;BME280;12226;55.68345798;37.59173334;2019-12-09T06:03:02;98439.75;;;4.25;78.07
24023;BME280;12226;55.68345798;37.59173334;2019-12-09T06:08:05;98434.59;;;4.10;78.61
24023;BME280;12226;55.68345798;37.59173334;2019-12-09T06:13:10;98450.07;;;4.36;77.75
24023;BME280;12226;55.68345798;37.59173334;2019-12-09T06:18:14;98448.08;;;4.59;77.19
24023;BME280;12226;55.68345798;37.59173334;2019-12-09T06:23:17;98448.59;;;4.50;77.35
24023;BME280;12226;55.68345798;37.59173334;2019-12-09T06:25:48;98453.91;;;4.60;77.08
24023;BME280;12226;55.68345798;37.59173334;2019-12-09T06:30:50;98447.97;;;4.53;77.15
24023;BME280;12226;55.68345798;37.59173334;2019-12-09T06:33:21;98443.41;;;4.57;77.15
24023;BME280;12226;55.68345798;37.59173334;2019-12-09T06:35:52;98442.28;;;4.58;77.12
24023;BME280;12226;55.68345798;37.59173334;2019-12-09T06:38:26;98447.91;;;4.55;77.16
24023;BME280;12226;55.68345798;37.59173334;2019-12-09T06:43:29;98450.33;;;4.68;76.69
24023;BME280;12226;55.68345798;37.59173334;2019-12-09T06:48:35;98438.74;;;4.74;76.38
24023;BME280;12226;55.68345798;37.59173334;2019-12-09T06:53:37;98442.35;;;4.75;76.46
24023;BME280;12226;55.68345798;37.59173334;2019-12-09T06:58:41;98452.05;;;4.66;76.73
24023;BME280;12226;55.68345798;37.59173334;2019-12-09T07:03:44;98448.34;;;4.79;76.09
24023;BME280;12226;55.68345798;37.59173334;2019-12-09T07:06:15;98447.42;;;4.73;76.37
24023;BME280;12226;55.68345798;37.59173334;2019-12-09T07:08:47;98442.91;;;4.74;76.31
24023;BME280;12226;55.68345798;37.59173334;2019-12-09T07:13:49;98447.52;;;4.79;76.09
24023;BME280;12226;55.68345798;37.59173334;2019-12-09T07:18:53;98447.68;;;4.93;75.68
24023;BME280;12226;55.68345798;37.59173334;2019-12-09T07:21:24;98446.16;;;4.68;76.15
24023;BME280;12226;55.68345798;37.59173334;2019-12-09T07:23:56;98448.58;;;4.61;76.60
24023;BME280;12226;55.68345798;37.59173334;2019-12-09T07:26:27;98444.30;;;4.74;76.22
24023;BME280;12226;55.68345798;37.59173334;2019-12-09T07:31:52;98448.38;;;4.68;76.19
24023;BME280;12226;55.68345798;37.59173334;2019-12-09T07:34:22;98443.14;;;4.67;76.31
24023;BME280;12226;55.68345798;37.59173334;2019-12-09T07:36:53;98442.88;;;4.66;76.26
24023;BME280;12226;55.68345798;37.59173334;2019-12-09T07:39:24;98444.34;;;4.63;76.43
24023;BME280;12226;55.68345798;37.59173334;2019-12-09T07:44:26;98448.21;;;4.84;75.82
24023;BME280;12226;55.68345798;37.59173334;2019-12-09T07:46:59;98446.59;;;4.72;76.03
24023;BME280;12226;55.68345798;37.59173334;2019-12-09T07:54:32;98454.74;;;4.80;75.99
24023;BME280;12226;55.68345798;37.59173334;2019-12-09T07:59:32;98456.47;;;4.78;76.13
24023;BME280;12226;55.68345798;37.59173334;2019-12-09T08:02:07;98460.73;;;4.84;75.96
24023;BME280;12226;55.68345798;37.59173334;2019-12-09T08:04:59;98448.91;;;4.79;75.86
24023;BME280;12226;55.68345798;37.59173334;2019-12-09T08:07:32;98449.34;;;4.83;75.96
24023;BME280;12226;55.68345798;37.59173334;2019-12-09T08:10:05;98452.61;;;4.97;75.46
24023;BME280;12226;55.68345798;37.59173334;2019-12-09T08:12:38;98446.16;;;4.99;75.42
24023;BME280;12226;55.68345798;37.59173334;2019-12-09T08:15:11;98441.35;;;4.90;75.63
24023;BME280;12226;55.68345798;37.59173334;2019-12-09T08:17:44;98434.45;;;4.99;75.34
24023;BME280;12226;55.68345798;37.59173334;2019-12-09T08:20:17;98422.53;;;4.87;75.29
24023;BME280;12226;55.68345798;37.59173334;2019-12-09T08:22:48;98429.68;;;5.00;75.24
24023;BME280;12226;55.68345798;37.59173334;2019-12-09T08:27:50;98435.46;;;5.12;74.67
24023;BME280;12226;55.68345798;37.59173334;2019-12-09T08:30:22;98434.69;;;5.00;74.97
24023;BME280;12226;55.68345798;37.59173334;2019-12-09T08:32:53;98422.11;;;5.11;74.75
24023;BME280;12226;55.68345798;37.59173334;2019-12-09T08:37:56;98421.41;;;5.25;74.07
24023;BME280;12226;55.68345798;37.59173334;2019-12-09T08:40:29;98420.81;;;5.09;74.47
24023;BME280;12226;55.68345798;37.59173334;2019-12-09T08:43:02;98433.58;;;5.10;74.34
24023;BME280;12226;55.68345798;37.59173334;2019-12-09T08:45:35;98424.52;;;5.15;73.97
24023;BME280;12226;55.68345798;37.59173334;2019-12-09T08:48:08;98432.73;;;5.20;74.02
24023;BME280;12226;55.68345798;37.59173334;2019-12-09T08:53:11;98437.41;;;5.31;73.51
24023;BME280;12226;55.68345798;37.59173334;2019-12-09T09:00:44;98411.38;;;5.44;72.99
24023;BME280;12226;55.68345798;37.59173334;2019-12-09T09:03:15;98423.82;;;5.29;72.92
24023;BME280;12226;55.68345798;37.59173334;2019-12-09T09:05:46;98430.95;;;5.33;73.30
24023;BME280;12226;55.68345798;37.59173334;2019-12-09T09:10:50;98426.41;;;5.54;72.55
24023;BME280;12226;55.68345798;37.59173334;2019-12-09T09:19:13;98427.39;;;5.58;72.19
24023;BME280;12226;55.68345798;37.59173334;2019-12-09T09:24:13;98419.59;;;5.57;72.05
24023;BME280;12226;55.68345798;37.59173334;2019-12-09T09:26:44;98415.00;;;5.53;71.74
24023;BME280;12226;55.68345798;37.59173334;2019-12-09T09:29:15;98419.59;;;5.57;71.80
24023;BME280;12226;55.68345798;37.59173334;2019-12-09T09:34:22;98420.98;;;5.49;72.03
24023;BME280;12226;55.68345798;37.59173334;2019-12-09T09:36:53;98414.16;;;5.44;72.18
24023;BME280;12226;55.68345798;37.59173334;2019-12-09T09:39:26;98408.10;;;5.42;72.20
24023;BME280;12226;55.68345798;37.59173334;2019-12-09T09:44:29;98406.56;;;5.55;71.73
24023;BME280;12226;55.68345798;37.59173334;2019-12-09T09:49:31;98408.06;;;5.61;71.58
24023;BME280;12226;55.68345798;37.59173334;2019-12-09T09:54:35;98400.94;;;5.75;71.21
24023;BME280;12226;55.68345798;37.59173334;2019-12-09T09:59:38;98400.61;;;5.68;71.33
24023;BME280;12226;55.68345798;37.59173334;2019-12-09T10:04:41;98392.24;;;5.68;71.47
24023;BME280;12226;55.68345798;37.59173334;2019-12-09T10:09:43;98395.38;;;5.67;71.31
24023;BME280;12226;55.68345798;37.59173334;2019-12-09T10:12:14;98393.06;;;5.77;71.03
24023;BME280;12226;55.68345798;37.59173334;2019-12-09T10:14:44;98401.92;;;5.71;71.09
24023;BME280;12226;55.68345798;37.59173334;2019-12-09T10:17:15;98400.52;;;5.79;71.06
24023;BME280;12226;55.68345798;37.59173334;2019-12-09T10:22:15;98399.18;;;5.51;71.31
24023;BME280;12226;55.68345798;37.59173334;2019-12-09T10:24:46;98403.69;;;5.41;71.67
24023;BME280;12226;55.68345798;37.59173334;2019-12-09T10:27:20;98403.20;;;5.56;71.78
24023;BME280;12226;55.68345798;37.59173334;2019-12-09T10:32:22;98406.33;;;5.63;71.49
24023;BME280;12226;55.68345798;37.59173334;2019-12-09T10:34:53;98417.66;;;5.75;71.16
24023;BME280;12226;55.68345798;37.59173334;2019-12-09T10:37:23;98415.26;;;5.54;71.42
24023;BME280;12226;55.68345798;37.59173334;2019-12-09T10:42:26;98413.59;;;5.44;72.21
24023;BME280;12226;55.68345798;37.59173334;2019-12-09T10:47:29;98421.24;;;5.50;72.12
24023;BME280;12226;55.68345798;37.59173334;2019-12-09T10:52:32;98409.57;;;5.39;72.46
24023;BME280;12226;55.68345798;37.59173334;2019-12-09T10:57:38;98420.83;;;5.45;72.41
24023;BME280;12226;55.68345798;37.59173334;2019-12-09T11:02:41;98421.34;;;5.28;72.85
24023;BME280;12226;55.68345798;37.59173334;2019-12-09T11:07:43;98419.31;;;5.31;73.07
24023;BME280;12226;55.68345798;37.59173334;2019-12-09T11:12:47;98412.36;;;5.39;72.62
24023;BME280;12226;55.68345798;37.59173334;2019-12-09T11:17:50;98407.53;;;5.34;72.86
24023;BME280;12226;55.68345798;37.59173334;2019-12-09T11:20:21;98418.19;;;5.12;73.58
24023;BME280;12226;55.68345798;37.59173334;2019-12-09T11:22:52;98414.77;;;5.15;73.61
24023;BME280;12226;55.68345798;37.59173334;2019-12-09T11:25:23;98416.17;;;5.24;73.54
24023;BME280;12226;55.68345798;37.59173334;2019-12-09T11:27:56;98418.68;;;5.42;73.10
24023;BME280;12226;55.68345798;37.59173334;2019-12-09T11:32:58;98419.09;;;5.47;72.88
24023;BME280;12226;55.68345798;37.59173334;2019-12-09T11:35:29;98431.22;;;5.42;72.92
24023;BME280;12226;55.68345798;37.59173334;2019-12-09T11:37:59;98422.48;;;5.55;72.58
24023;BME280;12226;55.68345798;37.59173334;2019-12-09T11:40:49;98425.77;;;5.57;72.31
24023;BME280;12226;55.68345798;37.59173334;2019-12-09T11:43:23;98435.59;;;5.54;72.25
24023;BME280;12226;55.68345798;37.59173334;2019-12-09T11:48:25;98431.22;;;5.42;72.76
24023;BME280;12226;55.68345798;37.59173334;2019-12-09T11:53:28;98442.06;;;5.52;72.85
24023;BME280;12226;55.68345798;37.59173334;2019-12-09T11:58:32;98446.34;;;5.39;73.12
24023;BME280;12226;55.68345798;37.59173334;2019-12-09T12:03:38;98447.56;;;5.27;73.71
24023;BME280;12226;55.68345798;37.59173334;2019-12-09T12:08:40;98454.98;;;5.48;73.11
24023;BME280;12226;55.68345798;37.59173334;2019-12-09T12:13:44;98448.70;;;5.54;72.98
24023;BME280;12226;55.68345798;37.59173334;2019-12-09T12:18:47;98477.59;;;5.38;73.61
24023;BME280;12226;55.68345798;37.59173334;2019-12-09T12:23:50;98487.05;;;4.89;78.25
24023;BME280;12226;55.68345798;37.59173334;2019-12-09T12:26:21;98494.40;;;4.74;79.46
24023;BME280;12226;55.68345798;37.59173334;2019-12-09T12:28:52;98491.18;;;4.70;81.45
24023;BME280;12226;55.68345798;37.59173334;2019-12-09T12:31:23;98499.37;;;4.55;81.80
24023;BME280;12226;55.68345798;37.59173334;2019-12-09T12:36:26;98503.62;;;4.42;84.61
24023;BME280;12226;55.68345798;37.59173334;2019-12-09T12:41:32;98514.48;;;4.30;85.88
24023;BME280;12226;55.68345798;37.59173334;2019-12-09T12:46:35;98516.44;;;4.29;86.00
24023;BME280;12226;55.68345798;37.59173334;2019-12-09T12:51:37;98519.16;;;4.32;85.45
24023;BME280;12226;55.68345798;37.59173334;2019-12-09T12:56:41;98530.28;;;4.32;86.40
24023;BME280;12226;55.68345798;37.59173334;2019-12-09T13:01:44;98540.01;;;4.32;86.26
24023;BME280;12226;55.68345798;37.59173334;2019-12-09T13:06:47;98522.44;;;4.34;86.08
24023;BME280;12226;55.68345798;37.59173334;2019-12-09T13:11:50;98514.92;;;4.23;87.02
24023;BME280;12226;55.68345798;37.59173334;2019-12-09T13:14:21;98521.72;;;4.17;87.64
24023;BME280;12226;55.68345798;37.59173334;2019-12-09T13:16:52;98523.62;;;4.19;88.16
24023;BME280;12226;55.68345798;37.59173334;2019-12-09T13:21:53;98535.68;;;4.14;86.98
24023;BME280;12226;55.68345798;37.59173334;2019-12-09T13:24:24;98539.68;;;4.22;87.51
24023;BME280;12226;55.68345798;37.59173334;2019-12-09T13:27:00;98539.89;;;4.37;86.57
24023;BME280;12226;55.68345798;37.59173334;2019-12-09T13:32:05;98528.67;;;4.28;86.99
24023;BME280;12226;55.68345798;37.59173334;2019-12-09T13:37:08;98538.17;;;4.27;87.35
24023;BME280;12226;55.68345798;37.59173334;2019-12-09T13:42:11;98548.36;;;4.32;86.66
24023;BME280;12226;55.68345798;37.59173334;2019-12-09T13:47:14;98534.23;;;4.28;86.63
24023;BME280;12226;55.68345798;37.59173334;2019-12-09T13:49:45;98538.68;;;4.40;86.28
24023;BME280;12226;55.68345798;37.59173334;2019-12-09T13:54:47;98545.84;;;4.55;85.24
24023;BME280;12226;55.68345798;37.59173334;2019-12-09T13:59:50;98546.58;;;4.47;85.37
24023;BME280;12226;55.68345798;37.59173334;2019-12-09T14:02:21;98557.47;;;4.46;85.43
24023;BME280;12226;55.68345798;37.59173334;2019-12-09T14:04:52;98567.65;;;4.50;84.59
24023;BME280;12226;55.68345798;37.59173334;2019-12-09T14:07:26;98578.78;;;4.50;84.84
24023;BME280;12226;55.68345798;37.59173334;2019-12-09T14:12:29;98571.62;;;4.47;84.35
24023;BME280;12226;55.68345798;37.59173334;2019-12-09T14:17:53;98570.25;;;4.58;83.74
24023;BME280;12226;55.68345798;37.59173334;2019-12-09T14:20:24;98562.41;;;4.71;83.55
24023;BME280;12226;55.68345798;37.59173334;2019-12-09T14:22:55;98568.66;;;4.65;83.04
24023;BME280;12226;55.68345798;37.59173334;2019-12-09T14:32:59;98571.30;;;4.81;82.17
24023;BME280;12226;55.68345798;37.59173334;2019-12-09T14:38:23;98571.19;;;4.75;82.03
24023;BME280;12226;55.68345798;37.59173334;2019-12-09T14:40:54;98581.63;;;4.92;81.98
24023;BME280;12226;55.68345798;37.59173334;2019-12-09T14:43:26;98576.42;;;4.88;81.54
24023;BME280;12226;55.68345798;37.59173334;2019-12-09T14:48:29;98570.36;;;4.75;81.64
24023;BME280;12226;55.68345798;37.59173334;2019-12-09T14:53:32;98592.24;;;4.79;81.78
24023;BME280;12226;55.68345798;37.59173334;2019-12-09T14:58:35;98579.14;;;4.90;81.32
24023;BME280;12226;55.68345798;37.59173334;2019-12-09T15:03:38;98586.84;;;5.05;80.74
24023;BME280;12226;55.68345798;37.59173334;2019-12-09T15:08:41;98589.91;;;4.94;80.77
24023;BME280;12226;55.68345798;37.59173334;2019-12-09T15:13:44;98600.64;;;5.10;80.44
24023;BME280;12226;55.68345798;37.59173334;2019-12-09T15:18:47;98596.88;;;4.94;80.69
24023;BME280;12226;55.68345798;37.59173334;2019-12-09T15:23:50;98590.27;;;5.13;80.17
24023;BME280;12226;55.68345798;37.59173334;2019-12-09T15:26:21;98599.77;;;5.01;80.24
24023;BME280;12226;55.68345798;37.59173334;2019-12-09T15:28:52;98592.92;;;5.07;80.38
24023;BME280;12226;55.68345798;37.59173334;2019-12-09T15:33:53;98616.53;;;5.20;79.47
24023;BME280;12226;55.68345798;37.59173334;2019-12-09T15:36:24;98616.27;;;5.19;79.56
24023;BME280;12226;55.68345798;37.59173334;2019-12-09T15:38:55;98616.73;;;5.13;79.70
24023;BME280;12226;55.68345798;37.59173334;2019-12-09T15:41:26;98622.36;;;5.10;79.84
24023;BME280;12226;55.68345798;37.59173334;2019-12-09T15:43:59;98617.34;;;5.10;79.63
24023;BME280;12226;55.68345798;37.59173334;2019-12-09T15:49:02;98621.21;;;5.22;79.32
24023;BME280;12226;55.68345798;37.59173334;2019-12-09T15:54:05;98619.49;;;5.24;79.23
24023;BME280;12226;55.68345798;37.59173334;2019-12-09T15:59:07;98624.95;;;5.18;79.14
24023;BME280;12226;55.68345798;37.59173334;2019-12-09T16:01:38;98629.94;;;5.29;79.16
24023;BME280;12226;55.68345798;37.59173334;2019-12-09T16:04:11;98632.65;;;5.21;78.98
24023;BME280;12226;55.68345798;37.59173334;2019-12-09T16:09:14;98624.73;;;5.25;78.87
24023;BME280;12226;55.68345798;37.59173334;2019-12-09T16:11:47;98625.97;;;5.11;79.15
24023;BME280;12226;55.68345798;37.59173334;2019-12-09T16:14:20;98631.09;;;5.17;79.29
24023;BME280;12226;55.68345798;37.59173334;2019-12-09T16:16:53;98632.02;;;5.24;79.21
24023;BME280;12226;55.68345798;37.59173334;2019-12-09T16:19:24;98634.56;;;5.12;79.24
24023;BME280;12226;55.68345798;37.59173334;2019-12-09T16:21:55;98633.81;;;5.20;79.33
24023;BME280;12226;55.68345798;37.59173334;2019-12-09T16:24:26;98619.52;;;5.13;79.33
24023;BME280;12226;55.68345798;37.59173334;2019-12-09T16:29:29;98639.61;;;5.21;79.04
24023;BME280;12226;55.68345798;37.59173334;2019-12-09T16:32:02;98644.30;;;5.23;79.00
24023;BME280;12226;55.68345798;37.59173334;2019-12-09T16:34:33;98639.30;;;5.33;78.62
24023;BME280;12226;55.68345798;37.59173334;2019-12-09T16:39:37;98633.91;;;5.26;78.33
24023;BME280;12226;55.68345798;37.59173334;2019-12-09T16:42:11;98643.43;;;5.25;78.15
24023;BME280;12226;55.68345798;37.59173334;2019-12-09T16:44:44;98644.81;;;5.14;78.79
24023;BME280;12226;55.68345798;37.59173334;2019-12-09T16:47:17;98640.56;;;5.16;78.78
24023;BME280;12226;55.68345798;37.59173334;2019-12-09T16:49:50;98655.30;;;5.28;78.63
24023;BME280;12226;55.68345798;37.59173334;2019-12-09T16:52:21;98659.44;;;5.19;78.73
24023;BME280;12226;55.68345798;37.59173334;2019-12-09T16:54:52;98661.38;;;5.30;78.56
24023;BME280;12226;55.68345798;37.59173334;2019-12-09T16:57:23;98663.17;;;5.15;78.48
24023;BME280;12226;55.68345798;37.59173334;2019-12-09T17:02:23;98665.62;;;5.27;78.60
24023;BME280;12226;55.68345798;37.59173334;2019-12-09T17:04:58;98664.05;;;5.24;78.16
24023;BME280;12226;55.68345798;37.59173334;2019-12-09T17:07:48;98666.52;;;5.14;78.41
24023;BME280;12226;55.68345798;37.59173334;2019-12-09T17:12:49;98671.02;;;5.24;78.23
24023;BME280;12226;55.68345798;37.59173334;2019-12-09T17:15:20;98670.62;;;5.28;78.25
24023;BME280;12226;55.68345798;37.59173334;2019-12-09T17:20:20;98671.41;;;5.50;77.82
24023;BME280;12226;55.68345798;37.59173334;2019-12-09T17:25:23;98686.30;;;5.46;77.88
24023;BME280;12226;55.68345798;37.59173334;2019-12-09T17:27:56;98685.59;;;5.62;77.69
24023;BME280;12226;55.68345798;37.59173334;2019-12-09T17:30:29;98680.41;;;5.58;77.42
24023;BME280;12226;55.68345798;37.59173334;2019-12-09T17:35:32;98676.72;;;5.41;77.89
24023;BME280;12226;55.68345798;37.59173334;2019-12-09T17:40:35;98693.80;;;5.48;77.80
24023;BME280;12226;55.68345798;37.59173334;2019-12-09T17:45:39;98690.75;;;5.47;78.01
24023;BME280;12226;55.68345798;37.59173334;2019-12-09T17:50:45;98686.18;;;5.51;77.93
24023;BME280;12226;55.68345798;37.59173334;2019-12-09T17:55:47;98688.80;;;5.47;77.89
24023;BME280;12226;55.68345798;37.59173334;2019-12-09T18:00:50;98704.66;;;5.58;77.74
24023;BME280;12226;55.68345798;37.59173334;2019-12-09T18:05:53;98708.98;;;5.64;77.61
24023;BME280;12226;55.68345798;37.59173334;2019-12-09T18:08:24;98717.45;;;5.70;77.61
24023;BME280;12226;55.68345798;37.59173334;2019-12-09T18:10:55;98720.13;;;5.64;77.44
24023;BME280;12226;55.68345798;37.59173334;2019-12-09T18:13:29;98723.99;;;5.32;78.22
24023;BME280;12226;55.68345798;37.59173334;2019-12-09T18:16:00;98718.50;;;5.41;78.22
24023;BME280;12226;55.68345798;37.59173334;2019-12-09T18:21:02;98721.40;;;5.47;77.90
24023;BME280;12226;55.68345798;37.59173334;2019-12-09T18:26:05;98734.34;;;5.32;78.39
24023;BME280;12226;55.68345798;37.59173334;2019-12-09T18:31:08;98749.27;;;5.25;78.76
24023;BME280;12226;55.68345798;37.59173334;2019-12-09T18:36:11;98764.70;;;5.42;78.39
24023;BME280;12226;55.68345798;37.59173334;2019-12-09T18:38:44;98772.33;;;5.50;77.99
24023;BME280;12226;55.68345798;37.59173334;2019-12-09T18:41:17;98774.09;;;5.57;77.82
24023;BME280;12226;55.68345798;37.59173334;2019-12-09T18:46:17;98761.69;;;5.41;77.84
24023;BME280;12226;55.68345798;37.59173334;2019-12-09T18:48:49;98767.55;;;5.50;77.91
24023;BME280;12226;55.68345798;37.59173334;2019-12-09T18:54:11;98771.05;;;5.34;78.52
24023;BME280;12226;55.68345798;37.59173334;2019-12-09T18:59:14;98771.55;;;5.25;78.69
24023;BME280;12226;55.68345798;37.59173334;2019-12-09T19:04:17;98765.22;;;5.33;78.70
24023;BME280;12226;55.68345798;37.59173334;2019-12-09T19:09:17;98762.06;;;5.48;78.04
24023;BME280;12226;55.68345798;37.59173334;2019-12-09T19:11:48;98761.98;;;5.50;77.89
24023;BME280;12226;55.68345798;37.59173334;2019-12-09T19:16:50;98737.67;;;5.42;77.80
24023;BME280;12226;55.68345798;37.59173334;2019-12-09T19:19:21;98750.90;;;5.37;78.24
24023;BME280;12226;55.68345798;37.59173334;2019-12-09T19:21:52;98754.12;;;5.30;78.51
24023;BME280;12226;55.68345798;37.59173334;2019-12-09T19:24:23;98747.31;;;5.36;78.37
24023;BME280;12226;55.68345798;37.59173334;2019-12-09T19:29:26;98772.91;;;5.14;78.71
24023;BME280;12226;55.68345798;37.59173334;2019-12-09T19:31:59;98773.05;;;5.09;79.21
24023;BME280;12226;55.68345798;37.59173334;2019-12-09T19:34:32;98775.59;;;5.30;78.85
24023;BME280;12226;55.68345798;37.59173334;2019-12-09T19:37:05;98770.28;;;5.31;78.49
24023;BME280;12226;55.68345798;37.59173334;2019-12-09T19:39:38;98775.47;;;5.46;78.09
24023;BME280;12226;55.68345798;37.59173334;2019-12-09T19:42:11;98784.77;;;5.41;77.95
24023;BME280;12226;55.68345798;37.59173334;2019-12-09T19:44:44;98798.41;;;5.32;78.17
24023;BME280;12226;55.68345798;37.59173334;2019-12-09T19:47:17;98801.25;;;5.29;78.26
24023;BME280;12226;55.68345798;37.59173334;2019-12-09T19:49:50;98800.15;;;5.28;78.29
24023;BME280;12226;55.68345798;37.59173334;2019-12-09T19:52:21;98809.61;;;5.29;78.15
24023;BME280;12226;55.68345798;37.59173334;2019-12-09T19:54:52;98818.08;;;5.24;78.32
24023;BME280;12226;55.68345798;37.59173334;2019-12-09T19:57:23;98822.98;;;5.16;78.82
24023;BME280;12226;55.68345798;37.59173334;2019-12-09T19:59:56;98819.19;;;5.12;78.90
24023;BME280;12226;55.68345798;37.59173334;2019-12-09T20:02:29;98814.80;;;5.33;78.49
24023;BME280;12226;55.68345798;37.59173334;2019-12-09T20:05:02;98808.11;;;5.21;78.44
24023;BME280;12226;55.68345798;37.59173334;2019-12-09T20:07:35;98823.83;;;5.28;78.46
24023;BME280;12226;55.68345798;37.59173334;2019-12-09T20:10:08;98820.05;;;5.35;78.14
24023;BME280;12226;55.68345798;37.59173334;2019-12-09T20:12:41;98829.78;;;5.24;78.26
24023;BME280;12226;55.68345798;37.59173334;2019-12-09T20:15:14;98831.07;;;5.40;78.12
24023;BME280;12226;55.68345798;37.59173334;2019-12-09T20:17:47;98837.58;;;5.24;78.28
24023;BME280;12226;55.68345798;37.59173334;2019-12-09T20:20:23;98837.02;;;5.25;78.48
24023;BME280;12226;55.68345798;37.59173334;2019-12-09T20:22:59;98842.69;;;5.20;78.50
24023;BME280;12226;55.68345798;37.59173334;2019-12-09T20:25:49;98851.80;;;5.23;78.57
24023;BME280;12226;55.68345798;37.59173334;2019-12-09T20:30:53;98843.72;;;5.35;78.12
24023;BME280;12226;55.68345798;37.59173334;2019-12-09T20:33:24;98862.66;;;5.35;77.97
24023;BME280;12226;55.68345798;37.59173334;2019-12-09T20:38:26;98862.08;;;5.25;78.22
24023;BME280;12226;55.68345798;37.59173334;2019-12-09T20:45:59;98875.47;;;5.36;77.79
24023;BME280;12226;55.68345798;37.59173334;2019-12-09T20:53:32;98871.92;;;5.44;77.70
24023;BME280;12226;55.68345798;37.59173334;2019-12-09T20:58:35;98874.38;;;5.46;77.39
24023;BME280;12226;55.68345798;37.59173334;2019-12-09T21:03:38;98868.47;;;5.61;77.19
24023;BME280;12226;55.68345798;37.59173334;2019-12-09T21:06:09;98869.09;;;5.58;77.15
24023;BME280;12226;55.68345798;37.59173334;2019-12-09T21:08:41;98868.81;;;5.46;77.17
24023;BME280;12226;55.68345798;37.59173334;2019-12-09T21:13:44;98885.22;;;5.23;77.75
24023;BME280;12226;55.68345798;37.59173334;2019-12-09T21:21:17;98904.37;;;5.27;77.62
24023;BME280;12226;55.68345798;37.59173334;2019-12-09T21:26:17;98910.74;;;5.27;77.92
24023;BME280;12226;55.68345798;37.59173334;2019-12-09T21:28:48;98899.15;;;5.36;77.55
24023;BME280;12226;55.68345798;37.59173334;2019-12-09T21:36:16;98917.79;;;5.25;77.61
24023;BME280;12226;55.68345798;37.59173334;2019-12-09T21:38:47;98915.11;;;5.20;78.05
24023;BME280;12226;55.68345798;37.59173334;2019-12-09T21:41:18;98912.78;;;5.24;78.02
24023;BME280;12226;55.68345798;37.59173334;2019-12-09T21:43:50;98921.23;;;5.19;78.16
24023;BME280;12226;55.68345798;37.59173334;2019-12-09T21:46:21;98934.37;;;5.22;78.24
24023;BME280;12226;55.68345798;37.59173334;2019-12-09T21:48:52;98934.37;;;5.30;77.81
24023;BME280;12226;55.68345798;37.59173334;2019-12-09T21:56:19;98933.21;;;5.20;78.33
24023;BME280;12226;55.68345798;37.59173334;2019-12-09T22:01:19;98935.31;;;5.12;79.51
24023;BME280;12226;55.68345798;37.59173334;2019-12-09T22:04:09;98946.50;;;4.95;80.57
24023;BME280;12226;55.68345798;37.59173334;2019-12-09T22:07:02;98950.72;;;4.79;82.53
24023;BME280;12226;55.68345798;37.59173334;2019-12-09T22:14:35;98952.34;;;4.83;81.88
24023;BME280;12226;55.68345798;37.59173334;2019-12-09T22:22:08;98952.08;;;4.95;81.22
24023;BME280;12226;55.68345798;37.59173334;2019-12-09T22:24:39;98951.15;;;5.00;80.77
24023;BME280;12226;55.68345798;37.59173334;2019-12-09T22:27:11;98949.14;;;5.03;80.92
24023;BME280;12226;55.68345798;37.59173334;2019-12-09T22:34:44;98965.63;;;5.00;81.01
24023;BME280;12226;55.68345798;37.59173334;2019-12-09T22:39:47;98973.94;;;5.02;80.93
24023;BME280;12226;55.68345798;37.59173334;2019-12-09T22:44:50;98981.17;;;5.03;81.07
24023;BME280;12226;55.68345798;37.59173334;2019-12-09T22:47:21;98977.60;;;5.00;81.28
24023;BME280;12226;55.68345798;37.59173334;2019-12-09T22:49:52;98980.94;;;5.00;81.47
24023;BME280;12226;55.68345798;37.59173334;2019-12-09T22:57:19;98964.19;;;5.02;81.43
24023;BME280;12226;55.68345798;37.59173334;2019-12-09T22:59:53;98971.66;;;4.90;82.33
24023;BME280;12226;55.68345798;37.59173334;2019-12-09T23:02:24;98971.00;;;4.82;83.13
24023;BME280;12226;55.68345798;37.59173334;2019-12-09T23:04:55;98972.52;;;4.75;83.55
24023;BME280;12226;55.68345798;37.59173334;2019-12-09T23:12:27;98989.28;;;4.86;82.92
24023;BME280;12226;55.68345798;37.59173334;2019-12-09T23:17:27;98999.26;;;4.89;83.05
24023;BME280;12226;55.68345798;37.59173334;2019-12-09T23:22:28;99000.84;;;4.93;82.71
24023;BME280;12226;55.68345798;37.59173334;2019-12-09T23:27:28;99009.24;;;4.90;82.72
24023;BME280;12226;55.68345798;37.59173334;2019-12-09T23:29:59;99013.04;;;4.97;82.29
24023;BME280;12226;55.68345798;37.59173334;2019-12-09T23:32:30;99014.67;;;4.98;82.31
24023;BME280;12226;55.68345798;37.59173334;2019-12-09T23:35:01;99019.69;;;4.99;82.32
24023;BME280;12226;55.68345798;37.59173334;2019-12-09T23:40:21;99018.89;;;4.95;81.94
24023;BME280;12226;55.68345798;37.59173334;2019-12-09T23:42:52;99023.07;;;4.95;82.28
24023;BME280;12226;55.68345798;37.59173334;2019-12-09T23:47:52;99029.38;;;5.01;82.25
24023;BME280;12226;55.68345798;37.59173334;2019-12-09T23:50:23;99030.78;;;5.01;82.22
24023;BME280;12226;55.68345798;37.59173334;2019-12-09T23:52:53;99037.14;;;5.18;81.62
24023;BME280;12226;55.68345798;37.59173334;2019-12-10T00:00:24;99035.33;;;5.11;81.57
24023;BME280;12226;55.68345798;37.59173334;2019-12-10T00:07:58;99036.52;;;5.34;80.90
24023;BME280;12226;55.68345798;37.59173334;2019-12-10T00:13:02;99041.48;;;4.94;81.66
24023;BME280;12226;55.68345798;37.59173334;2019-12-10T00:18:04;99048.05;;;5.01;81.53
24023;BME280;12226;55.68345798;37.59173334;2019-12-10T00:28:03;99047.84;;;4.97;81.68
24023;BME280;12226;55.68345798;37.59173334;2019-12-10T00:30:34;99053.97;;;4.97;81.58
24023;BME280;12226;55.68345798;37.59173334;2019-12-10T00:36:11;99047.86;;;5.11;80.94
24023;BME280;12226;55.68345798;37.59173334;2019-12-10T00:39:11;99036.21;;;5.09;80.78
24023;BME280;12226;55.68345798;37.59173334;2019-12-10T00:44:14;99049.48;;;4.98;81.15
24023;BME280;12226;55.68345798;37.59173334;2019-12-10T00:49:17;99057.14;;;5.06;81.13
24023;BME280;12226;55.68345798;37.59173334;2019-12-10T00:54:19;99050.06;;;5.11;80.77
24023;BME280;12226;55.68345798;37.59173334;2019-12-10T00:56:50;99046.26;;;5.21;80.41
24023;BME280;12226;55.68345798;37.59173334;2019-12-10T00:59:20;99057.75;;;5.03;80.70
24023;BME280;12226;55.68345798;37.59173334;2019-12-10T01:04:22;99055.92;;;4.96;81.24
24023;BME280;12226;55.68345798;37.59173334;2019-12-10T01:06:53;99063.95;;;4.98;81.25
24023;BME280;12226;55.68345798;37.59173334;2019-12-10T01:09:24;99067.81;;;5.02;81.20
24023;BME280;12226;55.68345798;37.59173334;2019-12-10T01:11:56;99083.12;;;5.02;81.02
24023;BME280;12226;55.68345798;37.59173334;2019-12-10T01:16:59;99080.86;;;5.04;81.18
24023;BME280;12226;55.68345798;37.59173334;2019-12-10T01:22:02;99082.63;;;5.13;80.86
24023;BME280;12226;55.68345798;37.59173334;2019-12-10T01:27:05;99089.39;;;5.23;80.44
24023;BME280;12226;55.68345798;37.59173334;2019-12-10T01:32:08;99088.41;;;5.17;80.59
24023;BME280;12226;55.68345798;37.59173334;2019-12-10T01:37:50;99112.61;;;5.32;80.07
24023;BME280;12226;55.68345798;37.59173334;2019-12-10T01:40:40;99115.94;;;5.18;80.42
24023;BME280;12226;55.68345798;37.59173334;2019-12-10T01:43:12;99129.98;;;5.13;80.83
